yrke_raa,antall_personer,normalisert,kategori,kilde,notat
Hustru,743,Hustru/husmor,Husarbeid,regel,
Datter,666,Barn,Uten registrert yrke,regel,"familiestilling, ikke yrke"
Søn,589,Barn,Uten registrert yrke,regel,"familiestilling, ikke yrke"
Barn,463,Barn,Uten registrert yrke,regel,
Husgjerning,342,Husgjerning,Husarbeid,regel,
Intet,165,Uten yrke,Uten registrert yrke,regel,
Tjenestepige,160,Tjenestepige/husholderske,Huslig tjeneste,regel,"husholderske/husbestyrerinde = lønnet, derfor hit og ikke Husarbeid"
intet,130,Uten yrke,Uten registrert yrke,regel,
Skolebarn,128,Skolebarn,Skoleelev,regel,
Husmoder,92,Hustru/husmor,Husarbeid,regel,
Husmor,87,Hustru/husmor,Husarbeid,regel,
Underofficerselev,85,Underoffiserselev,Militær,regel,slumoffiser/frelsesarmé regnet hit; kan diskuteres
Skoledecipel,76,Skolebarn,Skoleelev,regel,
D,74,Barn,Uten registrert yrke,regel,enkeltbokstav = familiestilling fra telleren
Husstel,68,Husgjerning,Husarbeid,regel,
datter,67,Barn,Uten registrert yrke,regel,"familiestilling, ikke yrke"
Sømand,61,Sjømann,Sjøfart,regel,fyrbøder antatt til sjøs; tvil der kontekst mangler
Skoleelev,60,Skolebarn,Skoleelev,regel,
S,58,Barn,Uten registrert yrke,regel,enkeltbokstav = familiestilling fra telleren
Høvleriarbeider,53,Høvleriarbeider,Treindustri,regel,
søn,47,Barn,Uten registrert yrke,regel,"familiestilling, ikke yrke"
Stenhugger,43,Stenhugger,Bygg og anlegg,regel,maler = bygningsmaler
Tomtearbeider,42,Tomtearbeider,Treindustri,regel,
Sypige,40,Sypike/syerske,Tekstil og søm,regel,
Husholderske,37,Tjenestepige/husholderske,Huslig tjeneste,regel,"husholderske/husbestyrerinde = lønnet, derfor hit og ikke Husarbeid"
Stuerarbeider,37,Stuer/bryggearbeider,Sjøfart,regel,
Kjøbmand,31,Kjøpmann/handelsmann,Handel,regel,
Styrmand,30,Styrmann,Sjøfart,regel,fyrbøder antatt til sjøs; tvil der kontekst mangler
Huslig gjerning,29,Husgjerning,Husarbeid,regel,
Skolepligtig,29,Skolebarn,Skoleelev,regel,
Børn,29,Barn,Uten registrert yrke,regel,
Skomager,28,Skomaker,Håndverk,regel,lærling uten fag: antatt håndverk
Skofabrikarbeider,28,Skofabrikarbeider,Industri,regel,
Syerske,28,Sypike/syerske,Tekstil og søm,regel,
Skolegut,26,Skolebarn,Skoleelev,regel,
Bryggearbeider,25,Stuer/bryggearbeider,Sjøfart,regel,
Ingen,24,Uten yrke,Uten registrert yrke,regel,
Malersvend,22,Malesvenn,Bygg og anlegg,regel,maler = bygningsmaler
Løsarbeider,22,Løsarbeider,Dagarbeid,regel,
Skolepige,21,Skolebarn,Skoleelev,regel,
Husbestyrerinde,19,Husbestyrerinne,Huslig tjeneste,regel,"husholderske/husbestyrerinde = lønnet, derfor hit og ikke Husarbeid"
Skræddersvend,19,Skreddersvenn,Tekstil og søm,regel,
Vaskekone,18,Vaskekone,Huslig tjeneste,regel,"husholderske/husbestyrerinde = lønnet, derfor hit og ikke Husarbeid"
Skibstømmermand,18,Skipstømmermann,Sjøfart,regel,fyrbøder antatt til sjøs; tvil der kontekst mangler
Handelsbetjent,17,Butikk-/handelsbetjent,Handel,regel,
barn,17,Barn,Uten registrert yrke,regel,
Butikjomfru,16,Butikkdame/expiditrise,Handel,regel,
Hm,16,Hustru/husmor,Husarbeid,regel,
Skomagersvend,16,Skomakersvenn,Håndverk,regel,lærling uten fag: antatt håndverk
Spinderiarbeiderske,16,Spinneriarbeider,Industri,regel,
ingen,16,Uten yrke,Uten registrert yrke,regel,
Bagersvend,15,Bakersvenn,Mat og drikke,regel,
Strygeforretning,15,Strykerske,Tekstil og søm,regel,
Lærerinde,15,Lærer/Lærerinne,Undervisning,regel,
Snedker,14,Snekker,Håndverk,regel,lærling uten fag: antatt håndverk
Kokkepige,13,Kokkepike,Huslig tjeneste,regel,"husholderske/husbestyrerinde = lønnet, derfor hit og ikke Husarbeid"
Sømmerske,13,Sypike/syerske,Tekstil og søm,regel,
arb Trælasttomter,13,Tomtearbeider,Treindustri,regel,
Intet Erhverv,13,Uten yrke,Uten registrert yrke,regel,
Tømmermand,12,Bygningstømrer/-snekker,Bygg og anlegg,regel,maler = bygningsmaler
Tjenestetyende,12,Tjenestetyende,Huslig tjeneste,regel,"husholderske/husbestyrerinde = lønnet, derfor hit og ikke Husarbeid"
Bagermester,12,Bakermester,Mat og drikke,regel,
Korporal,12,Korporal,Militær,regel,slumoffiser/frelsesarmé regnet hit; kan diskuteres
Matros,12,Matros,Sjøfart,regel,fyrbøder antatt til sjøs; tvil der kontekst mangler
Sagarbeider,12,Sagbruksarbeider,Treindustri,regel,
Bygningssnedker,11,Bygningstømrer/-snekker,Bygg og anlegg,regel,maler = bygningsmaler
Fattigunderstøttelse,11,Understøttes av fattigvesen,Forsørget,regel,"gårdeier i by = leieinntekter, derfor hit og ikke Jordbruk"
Legat,11,Understøttes av legat,Forsørget,regel,"gårdeier i by = leieinntekter, derfor hit og ikke Jordbruk"
Visergut,11,Visergutt,Handel,regel,
Husgjerningen,11,Husgjerning,Husarbeid,regel,
Stuer,11,Stuer/bryggearbeider,Sjøfart,regel,
Skoledicipel,11,Skolebarn,Skoleelev,regel,
Skræddermester,11,Skreddermester,Tekstil og søm,regel,
Dagarbeider,10,Dagarbeider,Dagarbeid,regel,
Samtlige underholdes af asylet ved frivillige (private) bidrag,10,Understøttes av frivillige bidrag,Forsørget,regel,"gårdeier i by = leieinntekter, derfor hit og ikke Jordbruk"
Visegut,10,Visergutt,Handel,regel,
husgjerning,10,Husgjerning,Husarbeid,regel,
Barnepige,10,Barnepike,Huslig tjeneste,regel,"husholderske/husbestyrerinde = lønnet, derfor hit og ikke Husarbeid"
T.J.,10,Tjenestepige/husholderske,Huslig tjeneste,regel,"husholderske/husbestyrerinde = lønnet, derfor hit og ikke Husarbeid"
Smed,10,Smed,Håndverk,regel,lærling uten fag: antatt håndverk
Smedlærling,10,Smedlærling,Håndverk,regel,lærling uten fag: antatt håndverk
Notlerske,10,Notler/notlerske,Industri,regel,
Skofabriksarbeider,10,Skofabrikarbeider,Industri,regel,
Kjører,10,Vognmann/kjører,Transport,regel,"jernbane samlet her, også funksjonærene"
Ingenting,10,Uten yrke,Uten registrert yrke,regel,
Livrente,9,Lever av egne midler,Forsørget,regel,"gårdeier i by = leieinntekter, derfor hit og ikke Jordbruk"
Fiskehandler,9,Fiskehandler,Handel,regel,
Handelsmand,9,Kjøpmann/handelsmann,Handel,regel,
Bryggeriarbeider,9,Bryggeriarbeider,Mat og drikke,regel,
Politikonstabel,9,Politikonstabel,Offentlig tjeneste,regel,
Skolebørn,9,Skolebarn,Skoleelev,regel,
Syforretning,9,Syforretning,Tekstil og søm,regel,
Væverske,9,Veverske,Tekstil og søm,regel,
Arbeider ved Trælastforretn.,9,Trelastarbeider,Treindustri,regel,
Bordhusarbeider,9,Bordhusarbeider,Treindustri,manuell,
Sagbrugsarbeider,9,Sagbruksarbeider,Treindustri,regel,
Malermester,8,Malermester,Bygg og anlegg,regel,maler = bygningsmaler
Arbeider,8,Arbeider,Dagarbeid,regel,
Huseier,8,Huseier/gårdeier,Forsørget,regel,"gårdeier i by = leieinntekter, derfor hit og ikke Jordbruk"
off underst,8,Offentlig understøttet,Forsørget,regel,"gårdeier i by = leieinntekter, derfor hit og ikke Jordbruk"
Agent,8,Agent,Handel,regel,
St. Josephs ordenssøster,8,St. Josephs ordenssøster,Helse,regel,
Husarbeide,8,Husgjerning,Husarbeid,regel,
tjenestepige,8,Tjenestepige/husholderske,Huslig tjeneste,regel,"husholderske/husbestyrerinde = lønnet, derfor hit og ikke Husarbeid"
Skomagermester,8,Skomakermester,Håndverk,regel,lærling uten fag: antatt håndverk
Snedkersvend,8,Snekkersvenn,Håndverk,regel,lærling uten fag: antatt håndverk
Fyrstikfabrikarbeiderske,8,Fyrstikkfabrikkarbeider,Industri,regel,
væverske ved Haldens væveri,8,Veveriarbeider,Industri,regel,
Kontorist,8,Kontorist,Kontor og forvaltning,regel,formann/mester uten bransje: se notat
Bagerlærling,8,Bakerlærling,Mat og drikke,regel,
Artillerist,8,Artillerist,Militær,regel,slumoffiser/frelsesarmé regnet hit; kan diskuteres
Dampskibsfører,8,Dampskibsfører,Sjøfart,regel,fyrbøder antatt til sjøs; tvil der kontekst mangler
Sjømand,8,Sjømann,Sjøfart,regel,fyrbøder antatt til sjøs; tvil der kontekst mangler
Skibsfører,8,Skipsfører,Sjøfart,regel,fyrbøder antatt til sjøs; tvil der kontekst mangler
Arbeider ved Høvleriet,8,Høvleriarbeider,Treindustri,regel,
Graastensmurer,7,Gråsteinsmurer,Bygg og anlegg,regel,maler = bygningsmaler
Hustømmermand,7,Bygningstømrer/-snekker,Bygg og anlegg,regel,maler = bygningsmaler
Huseierske,7,Huseier/gårdeier,Forsørget,regel,"gårdeier i by = leieinntekter, derfor hit og ikke Jordbruk"
Handlende,7,Kjøpmann/handelsmann,Handel,regel,
Kreaturhandler,7,Kreaturhandler/kveghandler,Handel,regel,
Husets Stel,7,Husgjerning,Husarbeid,regel,
Vaskerkone,7,Vaskekone,Huslig tjeneste,regel,"husholderske/husbestyrerinde = lønnet, derfor hit og ikke Husarbeid"
Skomager paa Skofabrik,7,Skofabrikarbeider,Industri,regel,
Slagter,7,Slakter,Mat og drikke,regel,
Stenhuger,6,Stenhugger,Bygg og anlegg,regel,maler = bygningsmaler
Løs-Arbeider,6,Løsarbeider,Dagarbeid,regel,
Haandgjerning fattigunderst.,6,Håndgjerning fattigunderstøttelse,Forsørget,regel,"gårdeier i by = leieinntekter, derfor hit og ikke Jordbruk"
Husgjærning,6,Husgjerning,Husarbeid,regel,
hustru,6,Hustru/husmor,Husarbeid,regel,
Stuepige,6,Tjenestepige/husholderske,Huslig tjeneste,regel,"husholderske/husbestyrerinde = lønnet, derfor hit og ikke Husarbeid"
tj,6,Tjenestepige/husholderske,Huslig tjeneste,regel,"husholderske/husbestyrerinde = lønnet, derfor hit og ikke Husarbeid"
Typograf,6,Typograf,Håndverk,regel,lærling uten fag: antatt håndverk
Arbeider Bomuldspinderi,6,Spinneriarbeider,Industri,regel,
Spiseforretning,6,Spiseforretning,Mat og drikke,regel,
"Fastlønnet hornblæser, Gaardsarbeider hos Faderen",6,Hornblåser,Militær,regel,slumoffiser/frelsesarmé regnet hit; kan diskuteres
Politibetjent,6,Politibetjent,Offentlig tjeneste,regel,
Toldopsynsmand,6,Tolloppsynsmann,Offentlig tjeneste,regel,
Stuert,6,Stuert,Sjøfart,regel,fyrbøder antatt til sjøs; tvil der kontekst mangler
Middelskoleelev,6,Skolebarn,Skoleelev,regel,
Skrædder,6,Skredder,Tekstil og søm,regel,
Saugbrugsarbeider,6,Sagbruksarbeider,Treindustri,regel,
Malerlærling,5,Malerlærling,Bygg og anlegg,regel,maler = bygningsmaler
Murer,5,Murer,Bygg og anlegg,regel,maler = bygningsmaler
Murersvend,5,Murersvenn,Bygg og anlegg,regel,maler = bygningsmaler
Stenhuggerarbeider,5,Stenhugger,Bygg og anlegg,regel,maler = bygningsmaler
Pensionist,5,Pensjonist,Forsørget,regel,"gårdeier i by = leieinntekter, derfor hit og ikke Jordbruk"
Rentenist,5,Lever av egne midler,Forsørget,regel,"gårdeier i by = leieinntekter, derfor hit og ikke Jordbruk"
Fotograf,5,Fotograf,Frie yrker,regel,prester og forkynnere ligger her; egen kategori mulig
Kvæghandler,5,Kreaturhandler/kveghandler,Handel,regel,
Kone,5,Hustru/husmor,Husarbeid,regel,
Enepige,5,Tjenestepige/husholderske,Huslig tjeneste,regel,"husholderske/husbestyrerinde = lønnet, derfor hit og ikke Husarbeid"
Maanedspige,5,Tjenestepige/husholderske,Huslig tjeneste,regel,"husholderske/husbestyrerinde = lønnet, derfor hit og ikke Husarbeid"
Tjenestepige Husgjerning,5,Tjenestepige/husholderske,Huslig tjeneste,manuell,
Vadskekone,5,Vaskekone,Huslig tjeneste,regel,"husholderske/husbestyrerinde = lønnet, derfor hit og ikke Husarbeid"
Smedsvend,5,Smedsvenn,Håndverk,regel,lærling uten fag: antatt håndverk
Arbeider paa Spinderiet,5,Spinneriarbeider,Industri,regel,
Fabrikarbeider,5,Fabrikkarbeider,Industri,regel,
Fabrikarbeiderske,5,Fabrikkarbeider,Industri,regel,
Kontordame,5,Kontordame,Kontor og forvaltning,regel,formann/mester uten bransje: se notat
Telefonistinde,5,Telefonist,Kontor og forvaltning,regel,formann/mester uten bransje: se notat
Slagtermester,5,Slaktermester,Mat og drikke,regel,
Slagtersvend,5,Slaktersvenn,Mat og drikke,regel,
Brygearbeider,5,Stuer/bryggearbeider,Sjøfart,regel,
Fyrbøder,5,Fyrbøter (skip),Sjøfart,regel,fyrbøder antatt til sjøs; tvil der kontekst mangler
Stuer Arbeider,5,Stuer/bryggearbeider,Sjøfart,regel,
Skolediscipel,5,Skolebarn,Skoleelev,regel,
Skolelev,5,Skolebarn,Skoleelev,regel,
Modeforretning,5,Motehandler,Tekstil og søm,regel,
Brødkjører,5,Brødkjører,Transport,regel,"jernbane samlet her, også funksjonærene"
Kjøregut,5,Vognmann/kjører,Transport,regel,"jernbane samlet her, også funksjonærene"
Lokomotivfører,5,Lokomotivfører,Transport,regel,"jernbane samlet her, også funksjonærene"
Ramskjærer,5,Rammeskjærer,Treindustri,regel,
Tomtarbeider,5,Tomtearbeider,Treindustri,regel,
Datterdatter,5,Barn,Uten registrert yrke,regel,"familiestilling, ikke yrke"
Dattersøn,5,Barn,Uten registrert yrke,regel,"familiestilling, ikke yrke"
Ingen Stiling,5,Uten yrke,Uten registrert yrke,regel,
intet Erhverv,5,Uten yrke,Uten registrert yrke,regel,
Bygningsnedker,4,Byggningssnekker,Bygg og anlegg,regel,maler = bygningsmaler
Stenhuggare,4,Stenhugger,Bygg og anlegg,regel,maler = bygningsmaler
Arbeiderske,4,Arbeider,Dagarbeid,regel,
Jordarbeider,4,Arbeider,Dagarbeid,regel,
Gaardeier,4,Huseier/gårdeier,Forsørget,regel,"gårdeier i by = leieinntekter, derfor hit og ikke Jordbruk"
Lever af sine Midler,4,Lever av egne midler,Forsørget,regel,"gårdeier i by = leieinntekter, derfor hit og ikke Jordbruk"
Lever af sine midler,4,Lever av egne midler,Forsørget,regel,"gårdeier i by = leieinntekter, derfor hit og ikke Jordbruk"
Næring af formue,4,Lever av egne midler,Forsørget,regel,"gårdeier i by = leieinntekter, derfor hit og ikke Jordbruk"
offentlig understøttelse,4,Offentlig understøttet,Forsørget,regel,"gårdeier i by = leieinntekter, derfor hit og ikke Jordbruk"
Læge,4,Lege,Helse,regel,
Husholdningen,4,Husgjerning,Husarbeid,regel,
Gaardsgut,4,Gårdsgutt,Huslig tjeneste,regel,"husholderske/husbestyrerinde = lønnet, derfor hit og ikke Husarbeid"
Gaardskarl,4,Gårdsgutt,Huslig tjeneste,regel,"husholderske/husbestyrerinde = lønnet, derfor hit og ikke Husarbeid"
Husjomfru,4,Tjenestepike/husholderske,Huslig tjeneste,regel,"husholderske/husbestyrerinde = lønnet, derfor hit og ikke Husarbeid"
Pige,4,Tjenestepige/husholderske,Huslig tjeneste,regel,"husholderske/husbestyrerinde = lønnet, derfor hit og ikke Husarbeid"
Tj,4,Tjenestepige/husholderske,Huslig tjeneste,regel,"husholderske/husbestyrerinde = lønnet, derfor hit og ikke Husarbeid"
Tjenestegut,4,Tjener,Huslig tjeneste,regel,"husholderske/husbestyrerinde = lønnet, derfor hit og ikke Husarbeid"
Bogbinder,4,Bokbinder,Håndverk,regel,lærling uten fag: antatt håndverk
Læregut,4,Lærling,Håndverk,regel,lærling uten fag: antatt håndverk
Smedemester,4,Smedmester,Håndverk,regel,lærling uten fag: antatt håndverk
Snedkermester,4,Snekkermester,Håndverk,regel,lærling uten fag: antatt håndverk
Tøffelmager,4,Tøffelmaker,Håndverk,regel,lærling uten fag: antatt håndverk
Arbeider ved Skofabrik,4,Skofabriksarbeider,Industri,regel,
Arbeiderske Bomuldspinderi,4,Spinneriarbeider,Industri,regel,
Elektrikker i Frhald,4,Elektriker,Industri,regel,
Fyrstikarbeiderske,4,Fyrstikkfabrikkarbeider,Industri,regel,
Fyrstikfabrikarbeider,4,Fyrstikkfabrikkarbeider,Industri,regel,
Spinderiarbeider,4,Spinneriarbeider,Industri,regel,
Musikelev,4,Musikelev (militær),Militær,regel,slumoffiser/frelsesarmé regnet hit; kan diskuteres
Musiksergent,4,Musikksersjant,Militær,regel,slumoffiser/frelsesarmé regnet hit; kan diskuteres
Postbud,4,Postbud,Offentlig tjeneste,regel,
Lods,4,Los,Sjøfart,regel,fyrbøder antatt til sjøs; tvil der kontekst mangler
skoledecipil,4,Skolebarn,Skoleelev,regel,
Søn - Skolesøgende,4,Skolesøkende,Skoleelev,regel,
Vognmandsgut,4,Vognmann/kjører,Transport,regel,"jernbane samlet her, også funksjonærene"
Ølkjører,4,Ølkjører,Transport,regel,"jernbane samlet her, også funksjonærene"
Arbeider ved Høvleri,4,Høvleriarbeider,Treindustri,regel,
Høvleri arbeider,4,Høvleriarbeider,Treindustri,regel,
høvleriarbeider,4,Høvleriarbeider,Treindustri,regel,
Høvleriarbejder,4,Høvleriarbeider,Treindustri,regel,
Propsarbeider,4,Trelastarbeider,Treindustri,regel,
Sagfiler,4,Sagfiler,Treindustri,regel,
Tomtearb. v/ Saugbrug,4,Tomtearbeider,Treindustri,regel,
Trælastarbeider,4,Trelastarbeider,Treindustri,regel,
Lærerinde ved folkeskolen,4,Lærer/Lærerinne,Undervisning,regel,
Børn Hjemmeværende,4,Barn,Uten registrert yrke,regel,forsørget av familien
Datter!!,4,Barn,Uten registrert yrke,regel,"familiestilling, ikke yrke"
hjemme,4,Husgjerning,Husarbeid,regel,
Hjemmevær. Barn,4,Husgjerning,Husarbeid,regel,forsørget av familien
Svigermor,4,Forsørges av familie/privat,Forsørget,regel,"familiestilling, ikke yrke"
Malerlerling,3,Malerlærling,Bygg og anlegg,regel,maler = bygningsmaler
Murerarbeider,3,Murer,Bygg og anlegg,regel,maler = bygningsmaler
Murmester,3,Murermester,Bygg og anlegg,regel,maler = bygningsmaler
Rørlægger,3,Rørlegger,Bygg og anlegg,regel,maler = bygningsmaler
"Stenhugger, Id",3,Stenhugger,Bygg og anlegg,regel,maler = bygningsmaler
Ofentlig understøttelse,3,Offentlig understøttet,Forsørget,regel,"gårdeier i by = leieinntekter, derfor hit og ikke Jordbruk"
Offentlig understøttelse,3,Offentlig understøttet,Forsørget,regel,"gårdeier i by = leieinntekter, derfor hit og ikke Jordbruk"
Rentier,3,Lever av egne midler,Forsørget,regel,"gårdeier i by = leieinntekter, derfor hit og ikke Jordbruk"
Artist Omreisende KunstCyklist,3,Omreisende kunstsyklist,Frie yrker,regel,prester og forkynnere ligger her; egen kategori mulig
i Butik,3,Butikkmedarbeider,Handel,regel,
Kreaturshandlande,3,Kreaturhandler/kveghandler,Handel,regel,
Skibsmægler,3,Skipsmegler,Handel,regel,"reder/megler er forretning, ikke mannskap"
Uldvarehandler,3,Ullvarehandler,Handel,regel,
Jordemoder,3,Jordmor,Helse,regel,
Datter Husgjerning,3,Husgjerning,Husarbeid,regel,
Husets gjerninger,3,Husgjerning,Husarbeid,regel,
Husets stel,3,Husgjerning,Husarbeid,regel,
Husjerning,3,Husgjerning,Husarbeid,regel,
Huslig Syssel,3,Husgjerning,Husarbeid,regel,
husmor,3,Hustru/husmor,Husarbeid,regel,
Steller huset,3,Husgjerning,Husarbeid,regel,
"Maanedskondition, Husgjerning",3,Tjenestepige/husholderske,Huslig tjeneste,manuell,
stuepige,3,Tjenestepige/husholderske,Huslig tjeneste,regel,"husholderske/husbestyrerinde = lønnet, derfor hit og ikke Husarbeid"
Tjener,3,Tjener,Huslig tjeneste,regel,"husholderske/husbestyrerinde = lønnet, derfor hit og ikke Husarbeid"
tjeneste Pige,3,Tjenestepige/husholderske,Huslig tjeneste,regel,"husholderske/husbestyrerinde = lønnet, derfor hit og ikke Husarbeid"
Tjenestepige husgjerning,3,Tjenestepige/husholderske,Huslig tjeneste,manuell,
"Tjenestepige, kokke",3,Tjenestepige/husholderske,Huslig tjeneste,regel,"husholderske/husbestyrerinde = lønnet, derfor hit og ikke Husarbeid"
Vask og Rengjøring,3,Vaskekone,Huslig tjeneste,regel,"husholderske/husbestyrerinde = lønnet, derfor hit og ikke Husarbeid"
Vaskekone Off. understøttet,3,Vaskekone,Huslig tjeneste,regel,"husholderske/husbestyrerinde = lønnet, derfor hit og ikke Husarbeid"
Barberlærling,3,Barberer,Håndverk,regel,lærling uten fag: antatt håndverk
Blikkenslagersvend,3,Blikkenslagersvenn,Håndverk,regel,lærling uten fag: antatt håndverk
Guldsmedsvend,3,Gullsmedsvenn,Håndverk,regel,lærling uten fag: antatt håndverk
Jerndreier,3,Jerndreier,Industri,regel,lærling uten fag: antatt håndverk
Læredreng,3,Lærling,Håndverk,regel,lærling uten fag: antatt håndverk
Mekaniker,3,Mekaniker,Industri,regel,lærling uten fag: antatt håndverk
Sadelmagerlærling,3,Sadelmakerlærling,Håndverk,regel,lærling uten fag: antatt håndverk
Snedkerlærling,3,Snekkerlærling,Håndverk,regel,lærling uten fag: antatt håndverk
Sætterske Typograf,3,Typograf,Håndverk,regel,lærling uten fag: antatt håndverk
Uhrmager,3,Urmaker,Håndverk,regel,lærling uten fag: antatt håndverk
Uhrmagermester,3,Urmakermester,Håndverk,regel,lærling uten fag: antatt håndverk
Arbeider på tændstikfabrik,3,Fyrstikkfabrikkarbeider,Industri,regel,
Arbeider paa Væveriet,3,Veveriarbeider,Industri,regel,
Fabrikarbeiderske Fyrstikfabrikarbeiderske,3,Fyrstikkfabrikkarbeider,Industri,regel,
Fyrstikarbeider,3,Fyrstikkfabrikkarbeider,Industri,regel,
Fyrstikfabrikarb.ske,3,Fyrstikkfabrikkarbeider,Industri,regel,
Gardinfabrikarbeiderske,3,Gardinfabrikkarbeider,Industri,regel,
Gardinvæver,3,Veveriarbeider,Industri,regel,
Kofurtfabrik arbeiderske,3,Reiseeffektarbeider,Industri,regel,
Kuffertarbeider,3,Reiseeffektarbeider,Industri,regel,
Notlerske hos O Dahl,3,Notler/notlerske,Industri,regel,
Skoarbeiderske hos Halvorsen,3,Skofabrikarbeider,Industri,regel,
Skofabriksarbeiderske,3,Skofabrikarbeider,Industri,regel,
Spigerkliper,3,Spikerklipper,Industri,regel,
Veveriarbeiderske,3,Veveriarbeider,Industri,regel,
Væveriarbeiderske,3,Veveriarbeider,Industri,regel,
Gartner,3,Gartner,Jordbruk,regel,
Gaardbruger,3,Gårdbruker,Jordbruk,regel,
Jordbrugsarbeider,3,Gårdsarbeider,Jordbruk,regel,
Contordame,3,Kontordame,Kontor og forvaltning,regel,formann/mester uten bransje: se notat
Handelsfuldmægtig,3,Handelsfullmektig,Kontor og forvaltning,regel,formann/mester uten bransje: se notat
Kassererske handelsforret.,3,Kasserer,Kontor og forvaltning,regel,formann/mester uten bransje: se notat
Meieripige,3,Meierijomfru,Mat og drikke,regel,
Pølsemagerlærling,3,Pølsemakerlærling,Mat og drikke,regel,
Pølsemagersvend,3,Pølsemakersvenn,Mat og drikke,regel,
Spisevært,3,Spisevert/-vertinne,Mat og drikke,regel,
Musikkorporal,3,Musikkorporal,Militær,regel,slumoffiser/frelsesarmé regnet hit; kan diskuteres
Sergent,3,Sersjant,Militær,regel,slumoffiser/frelsesarmé regnet hit; kan diskuteres
Kommunearbeider,3,Kommunearbeider,Offentlig tjeneste,regel,
Kommunearbeider i Kommunens Tjeneste,3,Kommunearbeider,Offentlig tjeneste,regel,
Samlagsforstander,3,Forstander ved brennevinssamlaget,Offentlig tjeneste,regel,
Toldbetjent,3,Tollbetjent,Offentlig tjeneste,regel,
forhv. Skibsfører,3,Forsørget,Forsørget,regel,fyrbøder antatt til sjøs; tvil der kontekst mangler
Skibskaptein,3,Skipsfører,Sjøfart,regel,fyrbøder antatt til sjøs; tvil der kontekst mangler
Stuer & Løsarbeider,3,Stuer/bryggearbeider,Sjøfart,manuell,
Sømand Matros,3,Matros,Sjøfart,regel,fyrbøder antatt til sjøs; tvil der kontekst mangler
Borgerskoleelev,3,Skolebarn,Skoleelev,regel,
Folkeskoleelev,3,Skolebarn,Skoleelev,regel,
Forskoleelev,3,Skolebarn,Skoleelev,regel,
Paa Skolen,3,Skolebarn,Skoleelev,regel,
Skole-Barn,3,Skolebarn,Skoleelev,regel,
Skoledicippel,3,Skolebarn,Skoleelev,regel,"fallback-regel, sjekket manuelt"
Skoleelev intet,3,Skolebarn,Skoleelev,regel,"fallback-regel, sjekket manuelt"
Skolesøgende Datter,3,Skolesøkende,Skoleelev,regel,"fallback-regel, sjekket manuelt"
Skolleplitig,3,Skolebarn,Skoleelev,regel,
Student,3,Gymnasiast,Skoleelev,regel,
Broderiforretning,3,Syforretning,Tekstil og søm,regel,
Dameskrædder,3,Motehandler,Tekstil og søm,regel,
Kjolesømforretning,3,Sypike/syerske,Tekstil og søm,regel,
Lærling i kjolesøm,3,Skredderlærling,Tekstil og søm,regel,
Modehandlerinde,3,Motehandler,Tekstil og søm,regel,
Strikkerske,3,Strikkerske,Tekstil og søm,regel,
Sypige i Husene,3,Sypike/syerske,Tekstil og søm,regel,
Jernbanearbeider,3,Jernbanearbeider,Transport,regel,"jernbane samlet her, også funksjonærene"
Kjører egen Hest,3,Vognmann/kjører,Transport,regel,"jernbane samlet her, også funksjonærene"
Visergut hos handlende,3,Visegutt,Transport,manuell,bud/visergutt regnes som transport uansett arbeidssted
Vognmand,3,Vognmann/kjører,Transport,regel,"jernbane samlet her, også funksjonærene"
arb Høvleriet,3,Høvleriarbeider,Treindustri,regel,
Arbeider Saugbrugsf. %foreningen%,3,Sagbruksarbeider,Treindustri,regel,
Arbeider ved trælastforretning,3,Trelastarbeider,Treindustri,regel,
Dagarbeider ved Sagene,3,Dagarbeider,Dagarbeid,regel,
Høvleri Arbeider,3,Høvleriarbeider,Treindustri,regel,
Høvleriearbeider,3,Høvleriarbeider,Treindustri,regel,
Sliberiarbeider,3,Sliperiarbeider,Treindustri,regel,
Tomtearbeider ved Sagbrug,3,Tomtearbeider,Treindustri,regel,
Tømmervelter,3,Tomtearbeider,Treindustri,regel,
Barn Intet,3,Barn,Uten registrert yrke,regel,"fallback-regel, sjekket manuelt"
d,3,Barn,Uten registrert yrke,regel,enkeltbokstav = familiestilling fra telleren
Fosterdatter,3,Pleiebarn,Uten registrert yrke,regel,"familiestilling, ikke yrke"
ingen beskjæftigelse,3,Uten yrke,Uten registrert yrke,regel,
Ingen Erhverv,3,Uten yrke,Uten registrert yrke,regel,
kan ikke opgives,3,Ukjent,Uten registrert yrke,regel,
læges datter,3,Barn,Uten registrert yrke,regel,forsørget av familien
Pleiedatter,3,Pleiebarn,Uten registrert yrke,regel,"familiestilling, ikke yrke"
Søn!!,3,Barn,Uten registrert yrke,regel,"familiestilling, ikke yrke"
Arbeider murerarbeid,2,Murer,Bygg og anlegg,regel,maler = bygningsmaler
Bygningssnekker,2,Bygningstømrer/-snekker,Bygg og anlegg,regel,maler = bygningsmaler
Graastenmurer,2,Gråsteinsmurer,Bygg og anlegg,regel,maler = bygningsmaler
HusTømmermand,2,Bygningstømrer/-snekker,Bygg og anlegg,regel,maler = bygningsmaler
Maler,2,Maler,Bygg og anlegg,regel,maler = bygningsmaler
Murer Murersvend Murerarbeide,2,Murersvenn,Bygg og anlegg,regel,maler = bygningsmaler
Murerhaandlanger,2,Murer,Bygg og anlegg,regel,maler = bygningsmaler
Murermester,2,Murermester,Bygg og anlegg,regel,maler = bygningsmaler
Murstensmurer,2,Murer,Bygg og anlegg,regel,maler = bygningsmaler
Steenhuger - Idefjorden,2,Stenhugger,Bygg og anlegg,regel,maler = bygningsmaler
Stenhuggerformand,2,Stenhuggerformann,Bygg og anlegg,regel,maler = bygningsmaler
Stenhuggersmed,2,Stenhuggersmed,Bygg og anlegg,regel,maler = bygningsmaler
Dag arbeider,2,Dagarbeider,Dagarbeid,regel,"fallback-regel, sjekket manuelt"
Løs Arbeider,2,Løsarbeider,Dagarbeid,regel,
Løsarbeider; intet bestemt,2,Løsarbeider,Dagarbeid,regel,
Egne midler,2,Lever av egne midler,Forsørget,regel,"gårdeier i by = leieinntekter, derfor hit og ikke Jordbruk"
Formue,2,Lever av egne midler,Forsørget,regel,"gårdeier i by = leieinntekter, derfor hit og ikke Jordbruk"
Forsørges af Fatigvesenet,2,Understøttes av fattigvesen,Forsørget,manuell,offentlig støtte
Forsørget af Fattigvæsenet,2,Understøttes av fattigvesen,Forsørget,regel,"gårdeier i by = leieinntekter, derfor hit og ikke Jordbruk"
Gaardeierske,2,Huseier/gårdeier,Forsørget,regel,"gårdeier i by = leieinntekter, derfor hit og ikke Jordbruk"
gaardeierske,2,Huseier/gårdeier,Forsørget,regel,"gårdeier i by = leieinntekter, derfor hit og ikke Jordbruk"
"Huseierske, Bidrag af legater, fv. lærerinde privat skole",2,Huseier/gårdeier,Forsørget,manuell,"forhenværende yrke, lever nå av støtte/eiendom"
Ingen Erhverv Lever af sine Midler,2,Lever av egne midler,Forsørget,regel,"gårdeier i by = leieinntekter, derfor hit og ikke Jordbruk"
Kapitalrenter,2,Lever av egne midler,Forsørget,regel,"gårdeier i by = leieinntekter, derfor hit og ikke Jordbruk"
Lever af egne Midler og Gaard,2,Lever av egne midler,Forsørget,regel,"gårdeier i by = leieinntekter, derfor hit og ikke Jordbruk"
lever af sine Midler,2,Lever av egne midler,Forsørget,regel,"gårdeier i by = leieinntekter, derfor hit og ikke Jordbruk"
lever af sine midler,2,Lever av egne midler,Forsørget,regel,"gårdeier i by = leieinntekter, derfor hit og ikke Jordbruk"
Off. understøttelse,2,Offentlig understøttet,Forsørget,regel,"gårdeier i by = leieinntekter, derfor hit og ikke Jordbruk"
Pensionnert,2,Pensjonist,Forsørget,regel,"gårdeier i by = leieinntekter, derfor hit og ikke Jordbruk"
Rentenistinde,2,Lever av egne midler,Forsørget,regel,"gårdeier i by = leieinntekter, derfor hit og ikke Jordbruk"
Strikning Haandgjerning & fattigunderst,2,Håndgjerning fattigunderstøttelse,Forsørget,regel,
Understøttelse af fattigvæsenet,2,Understøttes av fattigvesen,Forsørget,regel,"gårdeier i by = leieinntekter, derfor hit og ikke Jordbruk"
understøttes af Familien,2,Forsørges av familie/privat,Forsørget,regel,"gårdeier i by = leieinntekter, derfor hit og ikke Jordbruk"
Understøttes af Fattigvæsenet,2,Understøttes av fattigvesen,Forsørget,regel,"gårdeier i by = leieinntekter, derfor hit og ikke Jordbruk"
Misionær Uden Løn,2,Misjonær,Frie yrker,regel,prester og forkynnere ligger her; egen kategori mulig
Sogneprest,2,Sogneprest,Frie yrker,regel,prester og forkynnere ligger her; egen kategori mulig
Bager-Butikjomfru,2,Butikkdame/expiditrise,Handel,manuell,butikkfunksjon/salg
Blomsterforretning,2,Butikkmedarbeider,Handel,regel,
Butikdame,2,Butikkdame/expiditrise,Handel,regel,
Butikjomfru hos J Dahl,2,Butikkdame/expiditrise,Handel,regel,
Butikjomfru Hush. handel,2,Butikkdame/expiditrise,Handel,regel,
Cafejomfru,2,Kafédame/servitrise,Handel,regel,
Forretningsdame,2,Butikkdame/expiditrise,Handel,regel,
Handelsmand Kolonial,2,Kjøpmann/handelsmann,Handel,regel,
Handelsmand og gaardeier,2,Kjøpmann/handelsmann,Handel,regel,
handelsreisende,2,Handelsreisende,Handel,regel,
Handlende kolonial,2,Kjøpmann/handelsmann,Handel,regel,
Handlende v/ Kjødforretning,2,Kjøtthandler,Handel,regel,
Hoteldrift,2,Hotellbestyrer,Handel,regel,
Hotelvært,2,Hotellvert/-vertinne,Handel,regel,
Husholdningshandel,2,Kjøpmann/handelsmann,Handel,regel,
Kaféjomfru,2,Kafédame/servitrise,Handel,regel,
Kjøpman,2,Kjøpmann/handelsmann,Handel,regel,
Kreaturhandler og Slagter,2,Kreaturhandler/kveghandler,Handel,manuell,butikkfunksjon/salg
Lagermand,2,Lagerarbeider,Handel,regel,
Manufacturkjøbmand,2,Kjøpmann/handelsmann,Handel,regel,
Pensionat,2,Pensjonatvert/-vertinne,Handel,manuell,butikkfunksjon/salg
Resande,2,Handelsreisende,Handel,regel,
Apotheker,2,Apoteker,Helse,regel,
Diakonisse,2,Sykepleier,Helse,regel,
Discippel ved apothek,2,Apoteklærling,Helse,regel,
Pleierske,2,Sykepleier,Helse,regel,
Restaurationspige dampbad,2,Badeassistent,Helse,regel,
Sygepleierske,2,Sykepleier,Helse,regel,
Vaagepige,2,Våkekone,Helse,regel,
%Hustru%,2,Hustru/husmor,Husarbeid,regel,
Arbeider i Huuset,2,Husgjerning,Husarbeid,regel,
Behjælpelig i Husholdningen,2,Husgjerning,Husarbeid,regel,
Beskjæftiget i Husgjerningen,2,Husgjerning,Husarbeid,regel,
Gaar Husmoderen tilhaande,2,Husgjerning,Husarbeid,regel,
H.M.,2,Hustru/husmor,Husarbeid,regel,
Husgjerning i hjemmet,2,Husgjerning,Husarbeid,regel,
Husmodergjerninger,2,Hustru/husmor,Husarbeid,regel,
Hustru Husgjærning,2,Hustru/husmor,Husarbeid,regel,
Steller Huset,2,Husgjerning,Husarbeid,regel,
steller Huset,2,Husgjerning,Husarbeid,regel,
Steller sit eget hus,2,Husgjerning,Husarbeid,regel,
Sysselsat med husgjerning,2,Husgjerning,Husarbeid,regel,
TilHjælp i Hjemmet,2,Husgjerning,Husarbeid,regel,
Gaardsdreng,2,Gårdsgutt,Huslig tjeneste,regel,"husholderske/husbestyrerinde = lønnet, derfor hit og ikke Husarbeid"
husholderske,2,Tjenestepike/husholderske,Huslig tjeneste,regel,"husholderske/husbestyrerinde = lønnet, derfor hit og ikke Husarbeid"
Maanedskondition,2,Tjenestepige/husholderske,Huslig tjeneste,regel,"husholderske/husbestyrerinde = lønnet, derfor hit og ikke Husarbeid"
Pige Tjenestepige,2,Tjenestepige/husholderske,Huslig tjeneste,regel,"husholderske/husbestyrerinde = lønnet, derfor hit og ikke Husarbeid"
Rengjøring,2,Vaskekone,Huslig tjeneste,regel,"husholderske/husbestyrerinde = lønnet, derfor hit og ikke Husarbeid"
Selskabsdame,2,Selskapsdame,Huslig tjeneste,regel,"husholderske/husbestyrerinde = lønnet, derfor hit og ikke Husarbeid"
Skure & vaskekone,2,Vaskekone,Huslig tjeneste,regel,"husholderske/husbestyrerinde = lønnet, derfor hit og ikke Husarbeid"
Tjenestepige Kokke,2,Tjenestepige/husholderske,Huslig tjeneste,regel,"husholderske/husbestyrerinde = lønnet, derfor hit og ikke Husarbeid"
Tjenestepige Stuepige,2,Tjenestepige/husholderske,Huslig tjeneste,regel,"husholderske/husbestyrerinde = lønnet, derfor hit og ikke Husarbeid"
"Tjenestepige, husgjerning",2,Tjenestepige/husholderske,Huslig tjeneste,manuell,
Tjenestepike,2,Tjenestepige/husholderske,Huslig tjeneste,regel,"husholderske/husbestyrerinde = lønnet, derfor hit og ikke Husarbeid"
Vadskekone Skurekone,2,Vaskekone,Huslig tjeneste,regel,"husholderske/husbestyrerinde = lønnet, derfor hit og ikke Husarbeid"
Vaske pige,2,Vaskekone,Huslig tjeneste,regel,"husholderske/husbestyrerinde = lønnet, derfor hit og ikke Husarbeid"
Vaskning,2,Vaskekone,Huslig tjeneste,regel,"husholderske/husbestyrerinde = lønnet, derfor hit og ikke Husarbeid"
Barber,2,Barberer,Håndverk,regel,lærling uten fag: antatt håndverk
Bogbinderske,2,Bokbinder,Håndverk,regel,lærling uten fag: antatt håndverk
Buntmagerske,2,Buntmaker,Tekstil og søm,regel,lærling uten fag: antatt håndverk
Hattemager,2,Hattemaker,Håndverk,regel,lærling uten fag: antatt håndverk
Hjulmagermester,2,Hjulmakermester,Håndverk,regel,lærling uten fag: antatt håndverk
Lappeskomager,2,Skomaker,Håndverk,regel,lærling uten fag: antatt håndverk
Lærling,2,Lærling,Håndverk,regel,lærling uten fag: antatt håndverk
Møbelsnedker,2,Møbelsnekker,Håndverk,regel,lærling uten fag: antatt håndverk
Møbelsnedkersvend,2,Møbelsnekkersvenn,Håndverk,regel,lærling uten fag: antatt håndverk
Sadelmagermester,2,Sadelmakermester,Håndverk,regel,lærling uten fag: antatt håndverk
Seilmager,2,Seilmaker,Sjøfart,regel,lærling uten fag: antatt håndverk
Setterske i Amtstidende,2,Typograf,Håndverk,regel,lærling uten fag: antatt håndverk
Skomager f. eg. regn.,2,Skomakermester,Håndverk,regel,lærling uten fag: antatt håndverk
Skomager for egen regning,2,Skomakermester,Håndverk,regel,lærling uten fag: antatt håndverk
Skomagerlerling,2,Skomakerlærling,Håndverk,regel,lærling uten fag: antatt håndverk
Skomagerlærling,2,Skomakerlærling,Håndverk,regel,lærling uten fag: antatt håndverk
Skomagermester og gaardeier,2,Skomakermester,Håndverk,regel,lærling uten fag: antatt håndverk
Skomagersvend hos Otto Olsen,2,Skomakersvenn,Håndverk,regel,lærling uten fag: antatt håndverk
Smedmester,2,Smedmester,Håndverk,regel,lærling uten fag: antatt håndverk
Snedkersven Møbelsnedker i en andens Tjeneste,2,Snekkersvenn,Håndverk,regel,lærling uten fag: antatt håndverk
Sætterske,2,Typograf,Håndverk,regel,lærling uten fag: antatt håndverk
Uhrmagerforretning,2,Urmakermedarbeider,Håndverk,regel,lærling uten fag: antatt håndverk
Uhrmagersvend,2,Urmakersvenn,Håndverk,regel,lærling uten fag: antatt håndverk
arb Fyrstikfabrikken,2,Fyrstikkfabrikkarbeider,Industri,regel,
arb. paa Gardinfabrikken,2,Gardinfabrikkarbeider,Industri,regel,
Arbeider paa Fyrstikfabrik,2,Fyrstikkfabrikkarbeider,Industri,regel,
Arbeider på Fyrstikfabriken,2,Fyrstikkfabrikkarbeider,Industri,regel,
Arbeider på gardinfabrik,2,Gardinfabrikkarbeider,Industri,regel,
Arbeider paa Haldens tændstikf.,2,Fyrstikkfabrikkarbeider,Industri,regel,
Arbeider på skofabrik,2,Skofabriksarbeider,Industri,regel,
Arbeider paa skofabrik,2,Skofabriksarbeider,Industri,regel,
arbeider paa Tændstikfabrik,2,Fyrstikkfabrikkarbeider,Industri,regel,
Arbeider Skofabrik,2,Skofabriksarbeider,Industri,regel,
Arbeider ved Haldens Skofabrik,2,Skofabriksarbeider,Industri,regel,
Arbeider ved Tenstikfabriken,2,Fyrstikkfabrikkarbeider,Industri,regel,
Arbeiderske Bomuldsvæveri,2,Veveriarbeider,Industri,regel,
Arbeiderske paa gardinfabriken,2,Gardinfabrikkarbeider,Industri,regel,
Dagarbeider ved Jernverk,2,Dagarbeider,Dagarbeid,regel,
Elektrisk Montør,2,Elektromontør,Industri,regel,
fabrikarbeider,2,Fabrikkarbeider,Industri,regel,
Filhugger,2,Filer/filhugger,Industri,regel,
Formand Bomuldspinderi,2,Fabrikkformann,Industri,regel,
Fyrstik-Fabrikarbeiderske,2,Fyrstikkfabrikkarbeider,Industri,regel,
Fyrstikarbeiderske paa Haldens Tændstiksfabrik,2,Fyrstikkfabrikkarbeider,Industri,regel,
Gardinfabrikarb.,2,Gardinfabrikkarbeider,Industri,regel,
Gasfyrer,2,Gassfyrer,Industri,regel,
Kuffertfabrikarbeider,2,Reiseeffektarbeider,Industri,regel,
Montør ved Elektricitetsværket,2,Montør,Industri,regel,
Montører,2,Montør,Industri,regel,
Notler paa Skofabrik,2,Notler/notlerske,Industri,regel,
Notlerske Halvorsen Skofabrik,2,Notler/notlerske,Industri,regel,
Naatlerske,2,Notler/notlerske,Industri,regel,
opslager,2,Oppslager (smed),Industri,regel,
Skoarbeider ved fabrik,2,Skofabrikarbeider,Industri,regel,
Skoarbeiderske hos O Dahl,2,Skofabrikarbeider,Industri,regel,
Skofabrikarbeid%er%,2,Skofabrikarbeider,Industri,regel,
Spiksyrer,2,Spikersyrer,Industri,regel,
Spinderi Arbeiderske,2,Spinneriarbeider,Industri,regel,
Spinderipige,2,Spinneriarbeider,Industri,regel,
Spinhusarbeider,2,Spinneriarbeider,Industri,manuell,
Stopperske paa Gardinfabrikken,2,Gardinfabrikkarbeider,Industri,regel,
Syr paa kaabefabrik,2,Sypike/syerske (fabrikk),Industri,regel,
syr paa kaabefabrik,2,Sypike/syerske (fabrikk),Industri,regel,
Tekniker,2,Ingeniør (industri),Industri,regel,
Tilskjærer ved Skotøisfabrik,2,Tilskjærer (fabrikk),Industri,regel,
Værkstedarbejder,2,Mekaniker,Industri,regel,
Væverske paa Væveriet,2,Veveriarbeider,Industri,regel,
Væverske ved Haldens Væveri,2,Veveriarbeider,Industri,regel,
Wæveriarbeider,2,Veveriarbeider,Industri,regel,
Wæveriarbeiderske,2,Veveriarbeider,Industri,regel,
Agronom,2,Agronom,Jordbruk,regel,
Fisker,2,Fisker,Jordbruk,regel,
Gartner Handelsgartner,2,Gartner,Jordbruk,manuell,
Bankkasserer,2,Bankkasserer,Kontor og forvaltning,regel,formann/mester uten bransje: se notat
Forretningsbestyrer,2,Forretningsfører,Kontor og forvaltning,regel,formann/mester uten bransje: se notat
Jernbanekontorist,2,Kontorist,Kontor og forvaltning,regel,formann/mester uten bransje: se notat
Kassererske i Manufakturforretning,2,Kasserer,Kontor og forvaltning,regel,formann/mester uten bransje: se notat
Arbeider på Komunal mølle,2,Møllearbeider,Mat og drikke,regel,
Bagerkone,2,Baker,Mat og drikke,regel,
Bagerlerling,2,Bakerlærling,Mat og drikke,regel,
Bagerske,2,Baker,Mat og drikke,regel,
Bryggerieier,2,Bryggerieier,Mat og drikke,regel,
Conditor,2,Konditor,Mat og drikke,regel,
Husbagning,2,Husbaker,Mat og drikke,regel,
Møllerarbejder,2,Møllearbeider,Mat og drikke,regel,
Pølsemager,2,Pølsemaker,Mat og drikke,regel,
Slagterarbeider,2,Slakter,Mat og drikke,regel,
Tjeneste v/ meieri,2,Meieriarbeider,Mat og drikke,regel,
Udfører Husbagning,2,Hjemmebaker,Mat og drikke,regel,
Premierløitnant,2,Premierløitnant,Militær,regel,slumoffiser/frelsesarmé regnet hit; kan diskuteres
Slumofficer,2,Slumoffiser,Offentlig tjeneste,regel,slumoffiser/frelsesarmé regnet hit; kan diskuteres
Bestillingsmand. Toldopsynsmand,2,Bestillingsmann,Offentlig tjeneste,regel,
Kom. veivæsen Dagarbeider,2,Kommunearbeider,Offentlig tjeneste,regel,
Konstabel,2,Konstabel,Offentlig tjeneste,regel,
politikonstabel,2,Politikonstabel,Offentlig tjeneste,regel,
Politioverkonstabel,2,Politioverkonstabel,Offentlig tjeneste,regel,
Dampbaadsjauer,2,Stuer/bryggearbeider,Sjøfart,regel,
Seil-Skibsfører,2,Skipsfører,Sjøfart,regel,fyrbøder antatt til sjøs; tvil der kontekst mangler
Sjømand Matros,2,Matros,Sjøfart,regel,fyrbøder antatt til sjøs; tvil der kontekst mangler
Stuerarbejder,2,Stuer/bryggearbeider,Sjøfart,regel,
Styrmand Dampskib,2,Styrmann,Sjøfart,regel,fyrbøder antatt til sjøs; tvil der kontekst mangler
Søman,2,Sjømann,Sjøfart,regel,fyrbøder antatt til sjøs; tvil der kontekst mangler
Sømand Jungmand,2,Jungmann,Sjøfart,regel,fyrbøder antatt til sjøs; tvil der kontekst mangler
Sømand Stuert,2,Stuert,Sjøfart,regel,fyrbøder antatt til sjøs; tvil der kontekst mangler
Sømand Styrmand,2,Styrmann,Sjøfart,regel,fyrbøder antatt til sjøs; tvil der kontekst mangler
Sømand. Jungmand,2,Jungmann,Sjøfart,regel,fyrbøder antatt til sjøs; tvil der kontekst mangler
Datter Skolepige,2,Skolebarn,Skoleelev,regel,
Datter Skolesøgende,2,Skolesøkende,Skoleelev,regel,
Gaar i 1ste Gymnasieklasse,2,Gymnasiast,Skoleelev,regel,
hjemme Skoledecipel,2,Skolebarn,Skoleelev,regel,
Skolen,2,Skolebarn,Skoleelev,regel,
Skolesøgende,2,Skolesøkende,Skoleelev,regel,
Skolesøgende - Datter,2,Skolesøkende,Skoleelev,regel,"fallback-regel, sjekket manuelt"
Skolesøgende %Datter%,2,Skolesøkende,Skoleelev,regel,"fallback-regel, sjekket manuelt"
Søn - Skolegut,2,Skolebarn,Skoleelev,regel,
Haandgjerning,2,Strikkerske,Tekstil og søm,regel,
Kjolesømmerske,2,Sypike/syerske,Tekstil og søm,regel,
Linsøm,2,Sypike/syerske,Tekstil og søm,regel,
Linsømerske Legat 90 Kr.,2,Sypike/syerske,Tekstil og søm,regel,
Linsømforretning,2,Sypike/syerske,Tekstil og søm,regel,
Linsømmerske,2,Sypike/syerske,Tekstil og søm,regel,
Læregut i Skrædderh.,2,Skredderlærling,Tekstil og søm,regel,
Skredder,2,Skredder,Tekstil og søm,regel,
Skreddermester,2,Skreddermester,Tekstil og søm,regel,
Skreddersvend,2,Skreddersvenn,Tekstil og søm,regel,
Strikkeforetning,2,Strikkerske,Tekstil og søm,regel,
Strikker for fremmede,2,Strikkerske,Tekstil og søm,regel,
Strygning,2,Strykerske,Tekstil og søm,regel,
Syeforretning,2,Sypike/syerske,Tekstil og søm,regel,
syerske,2,Sypike/syerske,Tekstil og søm,regel,
Syerske egen Forretn.,2,Sypike/syerske,Tekstil og søm,regel,
Syerske hos Matisen,2,Sypike/syerske,Tekstil og søm,regel,
Syerske i Husene,2,Sypike/syerske,Tekstil og søm,regel,
Syerske Kjolesøm,2,Sypike/syerske,Tekstil og søm,regel,
Syforetning Kjolesøm,2,Syforretning,Tekstil og søm,regel,
Syjomfru,2,Sypike/syerske,Tekstil og søm,regel,
sypige,2,Sypike/syerske,Tekstil og søm,regel,
Sypige skræddersøm,2,Sypike/syerske,Tekstil og søm,regel,
Sypike,2,Sypike/syerske,Tekstil og søm,regel,
Syr flaskehylstre,2,Sypike/syerske,Tekstil og søm,regel,
Søm,2,Sypike/syerske,Tekstil og søm,regel,
Arbeidsvognmand,2,Vognmann/kjører,Transport,regel,"jernbane samlet her, også funksjonærene"
Avisbud,2,Avisbud,Transport,regel,"jernbane samlet her, også funksjonærene"
Brøddrager,2,Brødbærer,Transport,regel,"jernbane samlet her, også funksjonærene"
Bybud,2,Bud,Transport,regel,"jernbane samlet her, også funksjonærene"
Fragtemand,2,Vognmann/kjører,Transport,regel,"jernbane samlet her, også funksjonærene"
Fyrbøder paa jernbanen,2,Lokomotivfyrbøter,Transport,manuell,bud/visergutt regnes som transport uansett arbeidssted
Herskabskusk,2,Kusk,Transport,regel,"jernbane samlet her, også funksjonærene"
Jernbane Stationsbetjent,2,Stasjonbetjent (jernbane),Transport,regel,"jernbane samlet her, også funksjonærene"
Kjører Arbeidskjøring,2,Vognmann/kjører,Transport,regel,"jernbane samlet her, også funksjonærene"
Kjører for jernverk,2,Vognmann/kjører,Transport,manuell,kjøring regnes som transport uansett arbeidsgiver
Kjørergut,2,Vognmann/kjører,Transport,regel,"jernbane samlet her, også funksjonærene"
Konduktør,2,Konduktør (jernbane),Transport,regel,"jernbane samlet her, også funksjonærene"
Kulkjører,2,Kullkjører,Transport,regel,"jernbane samlet her, også funksjonærene"
Kulmaaler,2,Kullmåler,Transport,regel,"jernbane samlet her, også funksjonærene"
Sporskifter Jernbanen,2,Sporskifter (jernbane),Transport,regel,"jernbane samlet her, også funksjonærene"
Søn Bud ved Kjøbmdsforretn.,2,Bud,Transport,manuell,bud/visergutt regnes som transport uansett arbeidssted
Telegrafbud,2,Bud,Transport,manuell,bud/visergutt regnes som transport uansett arbeidssted
Visergut hos kjøbm.,2,Visegutt,Transport,regel,"jernbane samlet her, også funksjonærene"
Arbeider paa Høvleriet,2,Høvleriarbeider,Treindustri,regel,
Arbeider på saugbrugsforeningens brygger,2,Stuer/bryggearbeider (Saugbrugforeningen),Treindustri,regel,
Arbeider paa Sliberiet,2,Sliperiarbeider,Treindustri,regel,
Arbeider Saugbrugsf. Tomtearbeider,2,Tomtearbeider,Treindustri,regel,
Arbeider ved høvleri,2,Høvleriarbeider,Treindustri,regel,
Arbeider ved sagbrug,2,Sagbruksarbeider,Treindustri,regel,
Arbeider ved Saug-brugsforeningen hersted Plankekjører,2,Sagbruksarbeider,Treindustri,regel,
Bordhus arbeider,2,Bordhusarbeider,Treindustri,regel,
Cirkelskjærer,2,Sirkelskjærer,Treindustri,regel,
Dagarbeider på Vedtomten hos Saugbrugsforeningen,2,Dagarbeider,Dagarbeid,regel,
Flødningsarbeider,2,Fløter,Treindustri,regel,
Fløter,2,Fløter,Treindustri,regel,
Formand ved Høvleri,2,Formann (treindustri),Treindustri,regel,
Fyrbøder paa Høvleriet,2,Fyrbøter (treindustri),Treindustri,manuell,
Høvleriarb.,2,Høvleriarbeider,Treindustri,regel,
Høvleriarbeider %Trælastvirksomhed%,2,Høvleriarbeider,Treindustri,regel,
Høvleriarbeider og Kjører som Midlertidig,2,Høvleriarbeider,Treindustri,regel,
Maskinist ved Høvleri,2,Maskinist (treindustri),Treindustri,regel,
Plankearbeider,2,Plankebærer,Treindustri,regel,
Ramskjærer ved Saugbrugsforeningen,2,Rammeskjærer,Treindustri,regel,
Sliber,2,Sliperiarbeider,Treindustri,regel,
Sliber ved Høvleriet,2,Sliperiarbeider,Treindustri,regel,
Sliberi Arbeider,2,Sliperiarbeider,Treindustri,regel,
Snedker ved Høvleriet,2,Snekker,Treindustri,regel,
Trælast arbeider,2,Trelastarbeider,Treindustri,regel,
Træsliberiarbeider,2,Sliperiarbeider,Treindustri,regel,
Tømmerdrager ved Sagbrug,2,Sagbruksarbeider,Treindustri,regel,
Tømmerhugger,2,Tømmerhugger,Treindustri,regel,
Tømmersorterer,2,Tømmersorterer,Treindustri,regel,
Vedskjærer,2,Vedhugger,Treindustri,regel,
"Frøken, Lærerinde egen privatskole",2,Lærer/Lærerinne,Undervisning,regel,
Guvernante,2,Guvernante/Huslærer,Undervisning,regel,
Lærerinde ved Almenskolen,2,Lærer/Lærerinne,Undervisning,regel,
Lærerinde ved Folkeskolen,2,Lærer/Lærerinne,Undervisning,regel,
Musiklærerinde,2,Musikklærer,Undervisning,regel,
? Har ikke kunnet erholdes,2,Ukjent,Uten registrert yrke,regel,enkeltbokstav = familiestilling fra telleren
Apothekerens Datter,2,Barn,Uten registrert yrke,regel,forsørget av familien
Apothekerens Søn,2,Barn,Uten registrert yrke,regel,forsørget av familien
børn Datter ingen,2,Barn,Uten registrert yrke,regel,"fallback-regel, sjekket manuelt"
D!!,2,Barn,Uten registrert yrke,regel,enkeltbokstav = familiestilling fra telleren
Dater,2,Barn,Uten registrert yrke,regel,enkeltbokstav = familiestilling fra telleren
Datter %intet%,2,Barn,Uten registrert yrke,regel,"fallback-regel, sjekket manuelt"
DatterSøn,2,Barn,Uten registrert yrke,regel,"familiestilling, ikke yrke"
Enke,2,Uten yrke,Uten registrert yrke,regel,"familiestilling, ikke yrke"
er hjemme hos sin far og mor,2,Barn,Uten registrert yrke,regel,forsørget av familien
ernæres af sønnen,2,Forsørges av familie/privat,Forsørget,regel,forsørget av familien
Forsørges af Børnene,2,Forsørges av familie/privat,Forsørget,regel,enkeltbokstav = familiestilling fra telleren
Forsørges af No 1,2,Forsørges av familie/privat,Forsørget,regel,enkeltbokstav = familiestilling fra telleren
Forsørges af sin Datter,2,Forsørges av familie/privat,Forsørget,regel,enkeltbokstav = familiestilling fra telleren
forsørges af Svigersøn,2,Forsørges av familie/privat,Forsørget,regel,enkeltbokstav = familiestilling fra telleren
ikke Skolepligtig,2,Barn,Uten registrert yrke,manuell,
ingen Erverv,2,Uten yrke,Uten registrert yrke,regel,"fallback-regel, sjekket manuelt"
Ingen Næring,2,Uten yrke,Uten registrert yrke,regel,"fallback-regel, sjekket manuelt"
"ingen, lever hjemme hos Forældrene, som eier Formue",2,Uten yrke,Uten registrert yrke,regel,forsørget av familien
intet %d%,2,Uten yrke,Uten registrert yrke,regel,"fallback-regel, sjekket manuelt"
Intet erverv,2,Uten yrke,Uten registrert yrke,regel,"fallback-regel, sjekket manuelt"
mindreårig,2,Barn,Uten registrert yrke,regel,
Pleiebarn,2,Pleiebarn,Uten registrert yrke,regel,enkeltbokstav = familiestilling fra telleren
Plejedatter,2,Pleiebarn,Uten registrert yrke,regel,enkeltbokstav = familiestilling fra telleren
Sysselsatte i Hjemmet,2,Husgjerning,Husarbeid,regel,
Sønnedatter,2,Barn,Uten registrert yrke,regel,"familiestilling, ikke yrke"
Søster,2,Barn,Uten registrert yrke,regel,"familiestilling, ikke yrke"
uden Erverv,2,Uten yrke,Uten registrert yrke,regel,
Vides ikke,2,Ujkent,Uten registrert yrke,regel,
Markør,1,Markør,Annet,manuell,"biljardmarkør e.l., uklart"
arb Rørlægger,1,Rørlegger,Bygg og anlegg,regel,maler = bygningsmaler
Arbeider Murer,1,Murer,Bygg og anlegg,regel,maler = bygningsmaler
Arbeider ved Stenhuggeriet,1,Stenhugger,Bygg og anlegg,regel,maler = bygningsmaler
Byggearbeider,1,Bygningstømrer/-snekker,Bygg og anlegg,regel,"fallback-regel, sjekket manuelt"
Bygmester,1,Byggmester,Bygg og anlegg,regel,"fallback-regel, sjekket manuelt"
Bygnings Snedker,1,Bygningstømrer/-snekker,Bygg og anlegg,regel,maler = bygningsmaler
"Bygnings Snedkersvend ansat hos A. Bomann, Elvegaden",1,Bygningstømrer/-snekker svenn,Bygg og anlegg,regel,maler = bygningsmaler
Bygningsarbeider,1,Bygningstømrer/-snekker,Bygg og anlegg,regel,maler = bygningsmaler
Bygningsnedker mester Egen forretning,1,Byggmester,Bygg og anlegg,regel,maler = bygningsmaler
Bygningsnedkerarbeider,1,Bygningstømrer/-snekker,Bygg og anlegg,regel,maler = bygningsmaler
Bygningsneker,1,Bygningstømrer/-snekker,Bygg og anlegg,regel,maler = bygningsmaler
Bygningsnekker,1,Bygningstømrer/-snekker,Bygg og anlegg,regel,maler = bygningsmaler
Bygningsnæker,1,Bygningstømrer/-snekker,Bygg og anlegg,regel,maler = bygningsmaler
Bygningssnedker hos Jens Olsen,1,Bygningstømrer/-snekker,Bygg og anlegg,regel,maler = bygningsmaler
Bygningssnedker Husholdningshandel,1,Bygningstømrer/-snekker,Bygg og anlegg,regel,maler = bygningsmaler
Bygningssnekker hvor som hels,1,Bygningstømrer/-snekker,Bygg og anlegg,regel,maler = bygningsmaler
Fjeldarbeider,1,Fjellarbeider,Bygg og anlegg,regel,"fallback-regel, sjekket manuelt"
Gadestens-Stenhugger,1,Gatesteinhugger,Bygg og anlegg,regel,maler = bygningsmaler
Gadestenshuger,1,Gatesteinhugger,Bygg og anlegg,regel,"fallback-regel, sjekket manuelt"
Gatestenshugger,1,Gatesteinhugger,Bygg og anlegg,regel,"fallback-regel, sjekket manuelt"
graastenmurer arbeider,1,Gråsteinsmurer,Bygg og anlegg,regel,maler = bygningsmaler
"Graastensmuer, dels som Arbeidsgiver, dels som Dagarbeider",1,Gråsteinsmurer,Bygg og anlegg,regel,maler = bygningsmaler
Gråstensmurer,1,Gråsteinsmurer,Bygg og anlegg,regel,maler = bygningsmaler
graastensmurer,1,Gråsteinsmurer,Bygg og anlegg,regel,maler = bygningsmaler
Graastensmurer og Løs Arbeider etc,1,Gråsteinsmurer,Bygg og anlegg,regel,maler = bygningsmaler
Graastensmurerarbeider,1,Gråsteinsmurer,Bygg og anlegg,regel,maler = bygningsmaler
Gårdeier & Bygningssnedker Bygningsforretning,1,Bygningstømrer/-snekker,Bygg og anlegg,regel,maler = bygningsmaler
Handelsmand Maler Selvstendig,1,Malermester,Bygg og anlegg,regel,
Hus Tømmermand,1,Bygningstømrer/-snekker,Bygg og anlegg,regel,"fallback-regel, sjekket manuelt"
Hus-Tømmermand og Bygmester,1,Byggmester,Bygg og anlegg,regel,"fallback-regel, sjekket manuelt"
Huseier og hustømmermand,1,Bygningstømrer/-snekker,Bygg og anlegg,regel,maler = bygningsmaler
Hustømmerman,1,Bygningstømrer/-snekker,Bygg og anlegg,regel,maler = bygningsmaler
Hustømmermand & Gardeier,1,Bygningstømrer/-snekker,Bygg og anlegg,regel,maler = bygningsmaler
"Hustømmermand, Gardeier",1,Bygningstømrer/-snekker,Bygg og anlegg,regel,maler = bygningsmaler
Kant-Stenhugger,1,Gatesteinhugger,Bygg og anlegg,regel,maler = bygningsmaler
Komunearbeider Veiarbeider,1,Veiarbeider,Bygg og anlegg,regel,maler = bygningsmaler
Maler hos Billington,1,Maler,Bygg og anlegg,regel,maler = bygningsmaler
Maler hos faren,1,Maler,Bygg og anlegg,regel,maler = bygningsmaler
Maler Mester,1,Malermester,Bygg og anlegg,regel,maler = bygningsmaler
Maler og Portner fhv. Styrmand,1,Maler,Bygg og anlegg,manuell,
Maler Selvstændig,1,Maler,Bygg og anlegg,regel,maler = bygningsmaler
Maler svend,1,Malersvenn,Bygg og anlegg,regel,maler = bygningsmaler
Malerabeider,1,Maler,Bygg og anlegg,regel,maler = bygningsmaler
Malerarbeider,1,Maler,Bygg og anlegg,regel,maler = bygningsmaler
Malerarbeider svend,1,Malersvenn,Bygg og anlegg,regel,maler = bygningsmaler
Malerlærrig,1,Malerlærling,Bygg og anlegg,regel,maler = bygningsmaler
Malermester f. eg. regn.,1,Malermester,Bygg og anlegg,regel,maler = bygningsmaler
Malersv i andres Tjeneste,1,Malersvenn,Bygg og anlegg,regel,maler = bygningsmaler
Malersven,1,Malersvenn,Bygg og anlegg,regel,maler = bygningsmaler
Malersvend hånværker,1,Malersvenn,Bygg og anlegg,regel,maler = bygningsmaler
Malersvend Leilændings søn,1,Malersvenn,Bygg og anlegg,manuell,
Malersvend Listeforretning,1,Malersvenn,Bygg og anlegg,regel,maler = bygningsmaler
Mallermæster,1,Malermester,Bygg og anlegg,regel,"fallback-regel, sjekket manuelt"
mur arbeider,1,Murer,Bygg og anlegg,regel,"fallback-regel, sjekket manuelt"
Muremester,1,Murermester,Bygg og anlegg,regel,"fallback-regel, sjekket manuelt"
Murer arbeider hos Murmester Jansen,1,Murer,Bygg og anlegg,regel,maler = bygningsmaler
Murer Gårdeier,1,Murer,Bygg og anlegg,regel,maler = bygningsmaler
Murer i en andens Tjeneste,1,Murer,Bygg og anlegg,regel,maler = bygningsmaler
murer i en andens Tjeneste,1,Murer,Bygg og anlegg,regel,maler = bygningsmaler
Murer i Festningen,1,Murer,Bygg og anlegg,regel,maler = bygningsmaler
Murer lærling,1,Murerlærling,Bygg og anlegg,regel,maler = bygningsmaler
Murer og gaardeier,1,Murer,Bygg og anlegg,regel,maler = bygningsmaler
Murer selvstændig,1,Murer,Bygg og anlegg,regel,maler = bygningsmaler
Murerhaandlanger Murerarbeider,1,Murer,Bygg og anlegg,regel,maler = bygningsmaler
Murerhåntlanger,1,Murer,Bygg og anlegg,regel,maler = bygningsmaler
Murrersvend,1,Murersvenn,Bygg og anlegg,regel,"fallback-regel, sjekket manuelt"
Mursvend,1,Murersvenn,Bygg og anlegg,regel,maler = bygningsmaler
Mursvend Murstensmurer,1,Murersvenn,Bygg og anlegg,regel,maler = bygningsmaler
Musikkoproral & Malermester,1,Malermester,Bygg og anlegg,regel,maler = bygningsmaler
Plejesøn og Malerlærling,1,Malerlærling,Bygg og anlegg,regel,maler = bygningsmaler
Røregut hos rørlæger Bjusteon Læregut,1,Rørleggerlærling,Bygg og anlegg,manuell,
Rørlægger for %Byen% Gasværket i Frhald,1,Rørlegger,Bygg og anlegg,regel,maler = bygningsmaler
Rørlægger og Gjørtler,1,Rørlegger,Bygg og anlegg,regel,maler = bygningsmaler
Rørlægger svend ved Fr.halds Vandverk og Smedsvend ved samme,1,Rørleggersvenn,Bygg og anlegg,regel,maler = bygningsmaler
Rørlæggersvend,1,Rørleggersvenn,Bygg og anlegg,regel,maler = bygningsmaler
Rørlæggersvend hos Rørlægger Larsen hersteds,1,Rørleggersvenn,Bygg og anlegg,regel,maler = bygningsmaler
Snedker (Bygnings),1,Bygningstømrer/-snekker,Bygg og anlegg,regel,maler = bygningsmaler
Snedker Bygningssnedker,1,Bygningstømrer/-snekker,Bygg og anlegg,regel,maler = bygningsmaler
Sten Hantlanger hos Faderen,1,Stenhuggerlærling,Bygg og anlegg,regel,"fallback-regel, sjekket manuelt"
Stenarbeider,1,Stenhugger,Bygg og anlegg,regel,maler = bygningsmaler
Stenhuggarearb.,1,Stenhugger,Bygg og anlegg,regel,maler = bygningsmaler
Stenhugger Gatestenhugger,1,Stenhugger,Bygg og anlegg,regel,maler = bygningsmaler
Stenhugger i Fjeld,1,Stenhugger,Bygg og anlegg,regel,maler = bygningsmaler
Stenhugger I Idefjorden,1,Stenhugger,Bygg og anlegg,regel,maler = bygningsmaler
Stenhugger i Skjeberg,1,Stenhugger,Bygg og anlegg,regel,maler = bygningsmaler
Stenhugger Idefjorden,1,Stenhugger,Bygg og anlegg,regel,maler = bygningsmaler
Stenhugger paa Hov,1,Stenhugger,Bygg og anlegg,regel,maler = bygningsmaler
Stensætter for Byen,1,Stensetter,Bygg og anlegg,regel,"fallback-regel, sjekket manuelt"
Stensætter hos Faderen,1,Stensetter,Bygg og anlegg,regel,"fallback-regel, sjekket manuelt"
Søn Stenhuggermedhj.,1,Stenhuggerlærling,Bygg og anlegg,regel,maler = bygningsmaler
Sønn Murer Murerlærling,1,Murerlærling,Bygg og anlegg,regel,maler = bygningsmaler
Tømermand,1,Bygningstømrer/-snekker,Bygg og anlegg,regel,"fallback-regel, sjekket manuelt"
Tømermand for Frhalds Commune,1,Bygningstømrer/-snekker,Bygg og anlegg,regel,"fallback-regel, sjekket manuelt"
Tømmerman,1,Bygningstømrer/-snekker,Bygg og anlegg,regel,"fallback-regel, sjekket manuelt"
Tømmermand bygnings,1,Bygningstømrer/-snekker,Bygg og anlegg,regel,maler = bygningsmaler
Tømmermand fv.,1,Bygningstømrer/-snekker,Bygg og anlegg,regel,maler = bygningsmaler
Tømmermand hos Suhrke,1,Bygningstømrer/-snekker,Bygg og anlegg,regel,maler = bygningsmaler
Tømmermand Hustømmermand,1,Bygningstømrer/-snekker,Bygg og anlegg,regel,maler = bygningsmaler
Tømmermand og huseier,1,Bygningstømrer/-snekker,Bygg og anlegg,regel,maler = bygningsmaler
Tømmermand v Jernb.,1,Bygningstømrer/-snekker,Bygg og anlegg,regel,maler = bygningsmaler
Tømmermand ved Catrineholm,1,Bygningstømrer/-snekker,Bygg og anlegg,regel,maler = bygningsmaler
Tømmermerker,1,Bygningstømrer/-snekker,Bygg og anlegg,regel,"fallback-regel, sjekket manuelt"
Vejarbejder,1,Veiarbeider,Bygg og anlegg,regel,"fallback-regel, sjekket manuelt"
Visergut v/ Stenhuggeri,1,Visergutt,Bygg og anlegg,manuell,
Wäj Arbejder og gaardeier,1,Veiarbeider,Bygg og anlegg,manuell,
%Løsarbeider%,1,Løsarbeider,Dagarbeid,regel,
Almindelig arbeider Haandlanger etc,1,Arbeider,Dagarbeid,regel,"fallback-regel, sjekket manuelt"
Arbeider ved Bygnader,1,Arbeider,Dagarbeid,regel,"fallback-regel, sjekket manuelt"
Arbeider; intet bestemt,1,Arbeider,Dagarbeid,manuell,arbeider uten fast — regnes som løsarbeid
Arbeiderske; intet bestemt,1,Arbeider,Dagarbeid,manuell,arbeider uten fast — regnes som løsarbeid
Arbeidsman,1,Arbeider,Dagarbeid,regel,"fallback-regel, sjekket manuelt"
Arbeidsmand far??,1,Arbeider,Dagarbeid,regel,"fallback-regel, sjekket manuelt"
Arbejder,1,Arbeider,Dagarbeid,regel,"fallback-regel, sjekket manuelt"
Arbejder Intet fast,1,Arbeider,Dagarbeid,manuell,arbeider uten fast — regnes som løsarbeid
Brøddrager %Dagarbeider%,1,Dagarbeider,Dagarbeid,regel,
Bygningssnekker hvorsom helst,1,Dagarbeider,Dagarbeid,regel,maler = bygningsmaler
Dag-Arbeider f. private,1,Dagarbeider,Dagarbeid,regel,"fallback-regel, sjekket manuelt"
DagArbeider for byen kommunen,1,Dagarbeider,Dagarbeid,regel,
Dagarbeider for Komunen,1,Dagarbeider,Dagarbeid,regel,
Dagarbeider i Komuns tjeneste,1,Dagarbeider,Dagarbeid,regel,
Dagarbeider v/ Stenhuggeri,1,Dagarbeider,Dagarbeid,regel,maler = bygningsmaler
Dagarbeider ved Stenhugeri,1,Dagarbeider,Dagarbeid,regel,maler = bygningsmaler
Dagarbeider Væsentlig jordarbeide,1,Dagarbeider,Dagarbeid,regel,
Dagarbeiderske,1,Dagarbeider,Dagarbeid,regel,
Dagarbejder,1,Dagarbeider,Dagarbeid,regel,"fallback-regel, sjekket manuelt"
Dagarbejder som Bygningssnedker,1,Dagarbeider,Dagarbeid,regel,maler = bygningsmaler
Dagarbejder som Murstensmurer,1,Dagarbeider,Dagarbeid,regel,maler = bygningsmaler
Forskjeligt Arbeide Løsarbeider,1,Løsarbeider,Dagarbeid,regel,
Jordarbeider & Løsarbeider,1,Løsarbeider,Dagarbeid,regel,
L.-Arbeider Dagarbeider,1,Dagarbeider,Dagarbeid,regel,
Løs-arbeider,1,Løsarbeider,Dagarbeid,regel,
"Løsarbeider, intet bestemt",1,Løsarbeider,Dagarbeid,regel,
"Løsarbeiderske, intet bestemt",1,Løsarbeider,Dagarbeid,regel,
Murer Dagarbeider,1,Dagarbeider,Dagarbeid,regel,maler = bygningsmaler
Simpel Arbeider Løsarbeider,1,Løsarbeider,Dagarbeid,regel,
Stenarbeider Losningsarb & alm. Løsarbeider,1,Løsarbeider,Dagarbeid,regel,maler = bygningsmaler
2 kr pr uge af fattigvæsenet,1,Understøttes av fattigvesen,Forsørget,regel,"gårdeier i by = leieinntekter, derfor hit og ikke Jordbruk"
3 kr pr uge af fattigvæsenet Understøttelse af fattigvæsenet,1,Understøttes av fattigvesen,Forsørget,regel,"gårdeier i by = leieinntekter, derfor hit og ikke Jordbruk"
Af sine Midler,1,Lever av egne midler,Forsørget,regel,"gårdeier i by = leieinntekter, derfor hit og ikke Jordbruk"
Arbeider papirblomster Off. understøttet,1,Håndgjerning fattigunderstøttelse,Forsørget,regel,"gårdeier i by = leieinntekter, derfor hit og ikke Jordbruk"
Arv. - Jomfru,1,Lever av egne midler,Forsørget,regel,"fallback-regel, sjekket manuelt"
Bager nu understøttes af fattigvæsenet,1,Understøttes av fattigvesen,Forsørget,manuell,"forhenværende yrke, lever nå av støtte/eiendom"
Bjelkehugger og fattigunderst.,1,Håndgjerning fattigunderstøttelse,Forsørget,regel,"gårdeier i by = leieinntekter, derfor hit og ikke Jordbruk"
Brødbagning 'Husbag' forøvrigt Fattigunderstøttelse,1,Håndgjerning fattigunderstøttelse,Forsørget,regel,"gårdeier i by = leieinntekter, derfor hit og ikke Jordbruk"
Datter intet Arbeide forsørget af foreldre,1,Forsørges av familie/privat,Forsørget,regel,"fallback-regel, sjekket manuelt"
Datter understøttes af broder,1,Forsørges av familie/privat,Forsørget,regel,"gårdeier i by = leieinntekter, derfor hit og ikke Jordbruk"
egene Midler,1,Lever av egne midler,Forsørget,regel,"gårdeier i by = leieinntekter, derfor hit og ikke Jordbruk"
Ejer af Gaarden men forøvrig ingen indtægt,1,Huseier/gårdeier,Forsørget,regel,"fallback-regel, sjekket manuelt"
Enke Understøttelse af kommunen,1,Pensjonist,Forsørget,regel,"gårdeier i by = leieinntekter, derfor hit og ikke Jordbruk"
Enkefru Livrente Legater,1,Understøttes av legat,Forsørget,regel,"gårdeier i by = leieinntekter, derfor hit og ikke Jordbruk"
"Enkefru, Huseier, lever af sin gård",1,Huseier/gårdeier,Forsørget,regel,"gårdeier i by = leieinntekter, derfor hit og ikke Jordbruk"
Enkepension,1,Pensjonist,Forsørget,regel,"gårdeier i by = leieinntekter, derfor hit og ikke Jordbruk"
"Er Eier af en liden Gaard og ernæres af dennes Indtægt i Forbindelse med tidligere opsparede midler er forøvrigt Alderdomssvag, det samme gjelder Hm",1,Huseier/gårdeier,Forsørget,manuell,"forhenværende yrke, lever nå av støtte/eiendom"
er hos Svigersøn,1,Forsørges av familie/privat,Forsørget,regel,"fallback-regel, sjekket manuelt"
er hos Svigersønnen,1,Forsørges av familie/privat,Forsørget,regel,"fallback-regel, sjekket manuelt"
Ernærer sig af Datteren %og lidt formue%,1,Forsørges av familie/privat,Forsørget,regel,"gårdeier i by = leieinntekter, derfor hit og ikke Jordbruk"
ernæres af børnene,1,Forsørges av familie/privat,Forsørget,regel,forsørget av familien
ernæres af Husmoderen,1,Forsørges av familie/privat,Forsørget,regel,forsørget av familien
erv liden Livrente. Legat,1,Understøttes av legat,Forsørget,regel,"gårdeier i by = leieinntekter, derfor hit og ikke Jordbruk"
Fatigunderstøtelse,1,Understøttes av fattigvesen,Forsørget,regel,"fallback-regel, sjekket manuelt"
fattig understøttelse,1,Understøttes av fattigvesen,Forsørget,regel,"gårdeier i by = leieinntekter, derfor hit og ikke Jordbruk"
Fattig- & Legatunderstøttelse. forøvrigt Støtte af Svigersønnen No. 1,1,Understøttes av fattigvesen,Forsørget,regel,"gårdeier i by = leieinntekter, derfor hit og ikke Jordbruk"
Fattigforsørget,1,Understøttes av fattigvesen,Forsørget,regel,"fallback-regel, sjekket manuelt"
Fattigkassen,1,Understøttes av fattigvesen,Forsørget,regel,"gårdeier i by = leieinntekter, derfor hit og ikke Jordbruk"
Fattigunderst og fjærribning,1,Håndgjerning fattigunderstøttelse,Forsørget,regel,"gårdeier i by = leieinntekter, derfor hit og ikke Jordbruk"
Fattigunderst og legater,1,Understøttes av fattigvesen,Forsørget,regel,"gårdeier i by = leieinntekter, derfor hit og ikke Jordbruk"
Fattigunderstøtelse,1,Understøttes av fattigvesen,Forsørget,regel,"gårdeier i by = leieinntekter, derfor hit og ikke Jordbruk"
Fattigunderstøtelse og Væver,1,Håndgjerning fattigunderstøttelse,Forsørget,regel,"gårdeier i by = leieinntekter, derfor hit og ikke Jordbruk"
Fattigunderstøttelse Jomfru,1,Understøttes av fattigvesen,Forsørget,regel,"gårdeier i by = leieinntekter, derfor hit og ikke Jordbruk"
Fattigunderstøttet,1,Understøttes av fattigvesen,Forsørget,regel,"gårdeier i by = leieinntekter, derfor hit og ikke Jordbruk"
Fattigunderstøttet fatiglem,1,Understøttes av fattigvesen,Forsørget,regel,"gårdeier i by = leieinntekter, derfor hit og ikke Jordbruk"
fh Setterske paa 'Fredriksten' forsørges nu af Faderen,1,Forsørges av familie/privat,Forsørget,manuell,"forhenværende yrke, lever nå av støtte/eiendom"
fh Setterske paa 'Halden' forsørges nu af Faderen,1,Forsørges av familie/privat,Forsørget,manuell,"forhenværende yrke, lever nå av støtte/eiendom"
fhv Gaardbruger,1,Forsørget,Forsørget,regel,
"Fhv Hjulmager, nu %og% gaardeier. Lever af sine midler",1,Lever av egne midler,Forsørget,manuell,"forhenværende yrke, lever nå av støtte/eiendom"
fhv jernværksarbeider Understøttelse af fattigv.,1,Understøttes av fattigvesen,Forsørget,regel,
fhv Slagter,1,Forsørget,Forsørget,regel,
fhv stenhugger Understøttelse af fattigv.,1,Understøttes av fattigvesen,Forsørget,regel,maler = bygningsmaler
fhv Sømand,1,Forsørget,Forsørget,regel,fyrbøder antatt til sjøs; tvil der kontekst mangler
Fhv Trælastarbeider. Lever af egene Midler,1,Lever av egne midler,Forsørget,manuell,"forhenværende yrke, lever nå av støtte/eiendom"
Fhv: Handelsmand og Husejer,1,Huseier/gårdeier,Forsørget,regel,
Fhv. feier nu fattiglem,1,Understøttes av fattigvesen,Forsørget,manuell,"forhenværende yrke, lever nå av støtte/eiendom"
Fhv. handelsmand nu Huseier,1,Huseier/gårdeier,Forsørget,regel,
fhv. Kjøbmand Rentenist,1,Lever av egne midler,Forsørget,regel,
Fhv. murer nu fattiglem,1,Understøttes av fattigkassen,Forsørget,regel,maler = bygningsmaler
Fhv. musiker nu fattiglem,1,Understøttes av fattigvesen,Forsørget,manuell,"forhenværende yrke, lever nå av støtte/eiendom"
fhv. Musiksergent. Pensionist 400 Kr,1,Pensjonist,Forsørget,manuell,"forhenværende yrke, lever nå av støtte/eiendom"
fhv. spiseværtinde Lever af egne midler,1,Lever av egne midler,Forsørget,manuell,"forhenværende yrke, lever nå av støtte/eiendom"
fhv. Sømand,1,Forsørget,Forsørget,regel,fyrbøder antatt til sjøs; tvil der kontekst mangler
Fhv. tomtearb. nu fattiglem,1,Understøttes av fattigvesen,Forsørget,manuell,"forhenværende yrke, lever nå av støtte/eiendom"
Forestaar husholdningen. Lidt formue,1,Forsørges av familie/privat,Forsørget,regel,"gårdeier i by = leieinntekter, derfor hit og ikke Jordbruk"
Forh. smed nu syg og har fattigunderst.,1,Understøttes av fattigvesen,Forsørget,regel,"gårdeier i by = leieinntekter, derfor hit og ikke Jordbruk"
Forh. tomtearb. Fattigunderstøtt,1,Understøttes av fattigvesen,Forsørget,manuell,"forhenværende yrke, lever nå av støtte/eiendom"
forhendværende Haandgjerningslærerinde pension,1,Pensjonist,Forsørget,manuell,"forhenværende yrke, lever nå av støtte/eiendom"
Forhenv. feiersvend Understøttes af fattigvæsenet,1,Understøttes av fattigvesen,Forsørget,regel,"gårdeier i by = leieinntekter, derfor hit og ikke Jordbruk"
Forhenværende Bryggearbeider. 2 kr pr uge af fattigvæsenet,1,Understøttes av fattigvesen,Forsørget,manuell,"forhenværende yrke, lever nå av støtte/eiendom"
Forhenværende Brøgearbeider nu understøttes af fattigvæsenet,1,Understøttes av fattigvesen,Forsørget,regel,"gårdeier i by = leieinntekter, derfor hit og ikke Jordbruk"
Forhenværende Maler nu understøttes af fattigvæsenet,1,Understøttes av fattigvesen,Forsørget,regel,"gårdeier i by = leieinntekter, derfor hit og ikke Jordbruk"
Forhenværende Tobaksspinners mesters enke nu understøttes af fattigvæsenet,1,Understøttes av fattigvesen,Forsørget,regel,"gårdeier i by = leieinntekter, derfor hit og ikke Jordbruk"
forhenværende Tømmermand,1,Forsørget,Forsørget,regel,"fallback-regel, sjekket manuelt"
Forhv. gasmester. Rentier af legat,1,Understøttes av legat,Forsørget,regel,"gårdeier i by = leieinntekter, derfor hit og ikke Jordbruk"
forhv. Hustømmermand,1,Lever av egne midler,Forsørget,regel,maler = bygningsmaler
"forhv. Hustømmermand, har offentl understøttelse, nu intet Erhverv",1,Lever av egne midler,Forsørget,regel,maler = bygningsmaler
Forsørges af fattigvæsenet,1,Understøttes av fattigvesen,Forsørget,manuell,offentlig støtte
"Forsørges af svigersøn, lidt af fattigvæsen",1,Understøttes av fattigvesen,Forsørget,manuell,offentlig støtte
Forsørges dels af Fattigvæsenet og dels af sine Børn,1,Understøttes av fattigvesen,Forsørget,regel,"gårdeier i by = leieinntekter, derfor hit og ikke Jordbruk"
Forsørges helt af sine herværende voksne Børn %Ingen%,1,Forsørges av familie/privat,Forsørget,regel,"fallback-regel, sjekket manuelt"
Forsørget af Arbejder,1,Forsørges av familie/privat,Forsørget,regel,"fallback-regel, sjekket manuelt"
Forsørget af Børn,1,Forsørges av familie/privat,Forsørget,regel,"fallback-regel, sjekket manuelt"
Forsørget af Børn i Amerika,1,Forsørges av familie/privat,Forsørget,regel,"fallback-regel, sjekket manuelt"
Forsørget af fattigvæsenet,1,Understøttes av fattigvesen,Forsørget,regel,"gårdeier i by = leieinntekter, derfor hit og ikke Jordbruk"
Forsørget af søn,1,Forsørges av familie/privat,Forsørget,regel,"fallback-regel, sjekket manuelt"
Forume,1,Lever av egne midler,Forsørget,regel,"fallback-regel, sjekket manuelt"
Fri boli paa Livstid i gaard - 273 og Fatigunderstøtelse,1,Understøttes av fattigvesen,Forsørget,regel,"fallback-regel, sjekket manuelt"
"Frk Intet Erverv af Legatpenge, privat understøttelse + Rentepenge",1,Understøttes av legat,Forsørget,regel,"gårdeier i by = leieinntekter, derfor hit og ikke Jordbruk"
Frøken. - Lever af sin Formue,1,Lever av egne midler,Forsørget,regel,"gårdeier i by = leieinntekter, derfor hit og ikke Jordbruk"
Frøken. Livrente og gratial,1,Lever av egne midler,Forsørget,regel,"gårdeier i by = leieinntekter, derfor hit og ikke Jordbruk"
fv Fanejunker Pensionist,1,Pensjonist,Forsørget,manuell,"forhenværende yrke, lever nå av støtte/eiendom"
"fv Lærerinde, Legat, %Intet Erhverv%",1,Understøttes av legat,Forsørget,manuell,"forhenværende yrke, lever nå av støtte/eiendom"
fv Sadelmager nu fatigv. hjælp,1,Understøttes av fattigvesen,Forsørget,manuell,"forhenværende yrke, lever nå av støtte/eiendom"
fv Skræddersvend offentlig Understøttelse,1,Offentlig understøttet,Forsørget,manuell,"forhenværende yrke, lever nå av støtte/eiendom"
fv Søman & Huseier,1,Huseier/gårdeier,Forsørget,regel,"gårdeier i by = leieinntekter, derfor hit og ikke Jordbruk"
fv. Blikkenslagermester Lever af Kapital og Gaard,1,Huseier/gårdeier,Forsørget,manuell,"forhenværende yrke, lever nå av støtte/eiendom"
fv. Skomagermester Huseier. Formue,1,Huseier/gårdeier,Forsørget,manuell,"forhenværende yrke, lever nå av støtte/eiendom"
Fv. slagter og gaardeier,1,Forsørges,Forsørget,manuell,"forhenværende yrke, lever nå av støtte/eiendom"
"fv. Snedker møbelsnedk. Gaardeier, egne Midler",1,Huseier/gårdeier,Forsørget,manuell,"forhenværende yrke, lever nå av støtte/eiendom"
fv. Snedker offentlig hjelp,1,Offentlig understøttet,Forsørget,manuell,"forhenværende yrke, lever nå av støtte/eiendom"
fv. Snedker Understøttes af datter,1,Forsørges av familie/privat,Forsørget,manuell,"forhenværende yrke, lever nå av støtte/eiendom"
fv. Syerske. Legater %Intet Erhverv%,1,Understøttes av legat,Forsørget,manuell,"forhenværende yrke, lever nå av støtte/eiendom"
fv. Telefonistinde. Intet erhverv. Pension og legater,1,Pensjonist,Forsørget,manuell,"forhenværende yrke, lever nå av støtte/eiendom"
fv. underofficer Pentionist af militæretaten,1,Pensjonist,Forsørget,manuell,"forhenværende yrke, lever nå av støtte/eiendom"
Gårdeier,1,Huseier/gårdeier,Forsørget,regel,"fallback-regel, sjekket manuelt"
gaardeier,1,Huseier/gårdeier,Forsørget,regel,"gårdeier i by = leieinntekter, derfor hit og ikke Jordbruk"
Gaardeier %Ingen%,1,Huseier/gårdeier,Forsørget,regel,"gårdeier i by = leieinntekter, derfor hit og ikke Jordbruk"
"Gaardeier, egne Midler fv. Barber & Frisør",1,Huseier/gårdeier,Forsørget,manuell,"forhenværende yrke, lever nå av støtte/eiendom"
gaardeier. ingen,1,Huseier/gårdeier,Forsørget,regel,"gårdeier i by = leieinntekter, derfor hit og ikke Jordbruk"
Gaardeierinde,1,Huseier/gårdeier,Forsørget,regel,"gårdeier i by = leieinntekter, derfor hit og ikke Jordbruk"
Gårdeierske Lever af sine midler,1,Huseier/gårdeier,Forsørget,regel,"gårdeier i by = leieinntekter, derfor hit og ikke Jordbruk"
"Gaardeierske, Formue",1,Huseier/gårdeier,Forsørget,regel,"gårdeier i by = leieinntekter, derfor hit og ikke Jordbruk"
Gaardeieske,1,Huseier/gårdeier,Forsørget,regel,"fallback-regel, sjekket manuelt"
Gaareier,1,Huseier/gårdeier,Forsørget,regel,"fallback-regel, sjekket manuelt"
Har før været i Butik i Xania. Ingen erhverv er nu ledig,1,Forsørget,Forsørget,regel,
Har livrente,1,Lever av egne midler,Forsørget,regel,"gårdeier i by = leieinntekter, derfor hit og ikke Jordbruk"
Har offentl Understøttelse,1,Offentlig understøttet,Forsørget,regel,"gårdeier i by = leieinntekter, derfor hit og ikke Jordbruk"
"Har Understøttelse af Berg Fattigkasse og kan til enkelte Tider væve Gulvtæpper, naar Helbreden tillader det",1,Håndgjerning fattigunderstøttelse,Forsørget,regel,"gårdeier i by = leieinntekter, derfor hit og ikke Jordbruk"
Havearbeide - off. Understøt.,1,Offentlig understøttet,Forsørget,regel,"gårdeier i by = leieinntekter, derfor hit og ikke Jordbruk"
Hjelp af fattigvæsenet,1,Understøttes av fattigvesen,Forsørget,regel,"gårdeier i by = leieinntekter, derfor hit og ikke Jordbruk"
hjælp af fattigvæsenet,1,Understøttes av fattigvesen,Forsørget,regel,"gårdeier i by = leieinntekter, derfor hit og ikke Jordbruk"
Hm understøttet af børnene,1,Forsørges av familie/privat,Forsørget,regel,"gårdeier i by = leieinntekter, derfor hit og ikke Jordbruk"
Hosmor lit fattighjelp understøttes af søn,1,Forsørges av familie/privat,Forsørget,regel,"gårdeier i by = leieinntekter, derfor hit og ikke Jordbruk"
Hus og haandgjerning samt fattigunder,1,Håndgjerning fattigunderstøttelse,Forsørget,regel,"fallback-regel, sjekket manuelt"
Huseier ikke andet,1,Huseier/gårdeier,Forsørget,regel,"gårdeier i by = leieinntekter, derfor hit og ikke Jordbruk"
Huseier og Forhenværende garver,1,Huseier/gårdeier,Forsørget,manuell,"forhenværende yrke, lever nå av støtte/eiendom"
Huseier Rentist,1,Huseier/gårdeier,Forsørget,regel,"gårdeier i by = leieinntekter, derfor hit og ikke Jordbruk"
"Huseier, Rentenist",1,Huseier/gårdeier,Forsørget,regel,"gårdeier i by = leieinntekter, derfor hit og ikke Jordbruk"
Huseierinde,1,Huseier/gårdeier,Forsørget,regel,"gårdeier i by = leieinntekter, derfor hit og ikke Jordbruk"
Husejer og fhv. Lensmand,1,Huseier/gårdeier,Forsørget,manuell,"forhenværende yrke, lever nå av støtte/eiendom"
Husejerninde,1,Huseier/gårdeier,Forsørget,regel,"gårdeier i by = leieinntekter, derfor hit og ikke Jordbruk"
Husejerske,1,Huseier/gårdeier,Forsørget,regel,"gårdeier i by = leieinntekter, derfor hit og ikke Jordbruk"
Husleieindtægt,1,Huseier/gårdeier,Forsørget,regel,"fallback-regel, sjekket manuelt"
Husleieindtægt & renter,1,Huseier/gårdeier,Forsørget,regel,"gårdeier i by = leieinntekter, derfor hit og ikke Jordbruk"
Hører til Fattigvæsenet,1,Understøttes av fattigvesen,Forsørget,regel,"gårdeier i by = leieinntekter, derfor hit og ikke Jordbruk"
Hører til fattigvæsenet Ingen erhverv,1,Understøttes av fattigvesen,Forsørget,regel,"gårdeier i by = leieinntekter, derfor hit og ikke Jordbruk"
Haandgjerning og fattigunderst,1,Håndgjerning fattigunderstøttelse,Forsørget,regel,"gårdeier i by = leieinntekter, derfor hit og ikke Jordbruk"
Haandgjerning og fattigunderst. af fattigv.,1,Håndgjerning fattigunderstøttelse,Forsørget,regel,"gårdeier i by = leieinntekter, derfor hit og ikke Jordbruk"
I?? Livrente,1,Lever av egne midler,Forsørget,regel,"gårdeier i by = leieinntekter, derfor hit og ikke Jordbruk"
Id fattigvæsen. Desuden af logerende,1,Understøttes av fattigvesen,Forsørget,regel,"gårdeier i by = leieinntekter, derfor hit og ikke Jordbruk"
Ingen Erhverv Understøttes af Slektninge??,1,Forsørges av familie/privat,Forsørget,regel,"gårdeier i by = leieinntekter, derfor hit og ikke Jordbruk"
Ingen Erhverv. Har et legat og ernæret af sine slegtninge,1,Forsørges av familie/privat,Forsørget,regel,"gårdeier i by = leieinntekter, derfor hit og ikke Jordbruk"
ingen Har lidt Midler,1,Lever av egne midler,Forsørget,regel,"gårdeier i by = leieinntekter, derfor hit og ikke Jordbruk"
"Ingen, er sygelig og sengeliggende Familien underholder hende",1,Forsørges av familie/privat,Forsørget,manuell,"underholdes av familien, men sykdom/institusjon nevnt"
Ingen. Offentlig understøttet,1,Offentlig understøttet,Forsørget,regel,"gårdeier i by = leieinntekter, derfor hit og ikke Jordbruk"
Ingen. Privat forsørget af Sønnen,1,Forsørges av familie/privat,Forsørget,regel,"fallback-regel, sjekket manuelt"
Intet Erhverv forsg. af Fattigvæsenet,1,Understøttes av fattigvesen,Forsørget,regel,"gårdeier i by = leieinntekter, derfor hit og ikke Jordbruk"
Intet Erhverv Gaardeier,1,Huseier/gårdeier,Forsørget,regel,"gårdeier i by = leieinntekter, derfor hit og ikke Jordbruk"
Intet Erhverv nyder Understøtelse,1,Understøttes av fattigvesen,Forsørget,regel,"fallback-regel, sjekket manuelt"
Intet Erhverv nyder Understøtelse af Fatigkassen og privat Godgjørenhed,1,Understøttes av fattigvesen,Forsørget,regel,"fallback-regel, sjekket manuelt"
"Intet Erhverv nyder Understøtelse, dels af Slægtninger og private og dels af Fattigvæsenet",1,Understøttes av fattigvesen,Forsørget,regel,"gårdeier i by = leieinntekter, derfor hit og ikke Jordbruk"
Intet Erhverv opholdes,1,Forsørget,Forsørget,regel,"fallback-regel, sjekket manuelt"
Intet Erhverv Underhold af Børnene,1,Forsørges av familie/privat,Forsørget,regel,"fallback-regel, sjekket manuelt"
"Intet Erhverv v/ Arbeide, var Brøddrager for 2 aar siden og opholdes nu v/ Indtægt af 2 Gaarde & v/ Hjælp af Børnene",1,Huseier/gårdeier,Forsørget,manuell,"forhenværende yrke, lever nå av støtte/eiendom"
"Intet Erhverv, sygelig indflyttet fra Landet og lever paa opsparede Midler",1,Lever av egne midler,Forsørget,regel,"gårdeier i by = leieinntekter, derfor hit og ikke Jordbruk"
Intet erhverv. Fattigvæsen,1,Understøttes av fattigvesen,Forsørget,regel,"gårdeier i by = leieinntekter, derfor hit og ikke Jordbruk"
Intet erhverv. Privat understøttelse,1,Forsørges av familie/privat,Forsørget,regel,"gårdeier i by = leieinntekter, derfor hit og ikke Jordbruk"
Intet Erhværv. lever af sine midler,1,Lever av egne midler,Forsørget,regel,"gårdeier i by = leieinntekter, derfor hit og ikke Jordbruk"
intet Erverv på Grund af Sygdom. Lever af sine midler,1,Lever av egne midler,Forsørget,regel,"gårdeier i by = leieinntekter, derfor hit og ikke Jordbruk"
Intet Sygelig. Har været Kontorist,1,Lever av egne midler,Forsørget,manuell,offentlig støtte
intet underholdes af Konen,1,Forsørges av familie/privat,Forsørget,regel,"gårdeier i by = leieinntekter, derfor hit og ikke Jordbruk"
Kapital,1,Lever av egne midler,Forsørget,regel,"fallback-regel, sjekket manuelt"
Legat Kroner 80,1,Understøttes av legat,Forsørget,regel,"gårdeier i by = leieinntekter, derfor hit og ikke Jordbruk"
Legataerske,1,Understøttes av legat,Forsørget,regel,"gårdeier i by = leieinntekter, derfor hit og ikke Jordbruk"
Legatunderstøttelse,1,Understøttes av legat,Forsørget,regel,"gårdeier i by = leieinntekter, derfor hit og ikke Jordbruk"
Lever af egen formue,1,Lever av egne midler,Forsørget,regel,"gårdeier i by = leieinntekter, derfor hit og ikke Jordbruk"
lever af egene Midler,1,Lever av egne midler,Forsørget,regel,"gårdeier i by = leieinntekter, derfor hit og ikke Jordbruk"
Lever af egne Midler,1,Lever av egne midler,Forsørget,regel,"gårdeier i by = leieinntekter, derfor hit og ikke Jordbruk"
Lever af Formue,1,Lever av egne midler,Forsørget,regel,"gårdeier i by = leieinntekter, derfor hit og ikke Jordbruk"
Lever af Gaarden og beskjæftiger sig tildels med Vask,1,Huseier/gårdeier,Forsørget,regel,"gårdeier i by = leieinntekter, derfor hit og ikke Jordbruk"
lever af huslei integt,1,Huseier/gårdeier,Forsørget,regel,"gårdeier i by = leieinntekter, derfor hit og ikke Jordbruk"
Lever af husleieindtægt,1,Huseier/gårdeier,Forsørget,regel,"gårdeier i by = leieinntekter, derfor hit og ikke Jordbruk"
Lever af Legat,1,Understøttes av legat,Forsørget,regel,"gårdeier i by = leieinntekter, derfor hit og ikke Jordbruk"
lever af legat,1,Understøttes av legat,Forsørget,regel,"gårdeier i by = leieinntekter, derfor hit og ikke Jordbruk"
Lever af logerende,1,Huseier/gårdeier,Forsørget,regel,"gårdeier i by = leieinntekter, derfor hit og ikke Jordbruk"
Lever af pension,1,Pensjonist,Forsørget,regel,"gårdeier i by = leieinntekter, derfor hit og ikke Jordbruk"
Lever af sin Formue,1,Lever av egne midler,Forsørget,regel,"gårdeier i by = leieinntekter, derfor hit og ikke Jordbruk"
Lever af sine Midler - Huseierske,1,Huseier/gårdeier,Forsørget,regel,"gårdeier i by = leieinntekter, derfor hit og ikke Jordbruk"
Lever af sine Midler %Pengtionnist%,1,Pensjonist,Forsørget,regel,"gårdeier i by = leieinntekter, derfor hit og ikke Jordbruk"
lever af sine Midler Pension og Livrente,1,Pensjonist,Forsørget,regel,"gårdeier i by = leieinntekter, derfor hit og ikke Jordbruk"
Lever af sine midler. Fhv. fuldmægtig ved trælastkontor. Gaardeier,1,Lever av sine midler,Forsørget,regel,
Lever af sine midler. Husgjerning,1,Lever av sine midler,Forsørget,regel,
Lever af sine Midler. Hustømmermand forhenværende,1,Lever av sine midler,Forsørget,regel,maler = bygningsmaler
Lever ved Børnenes Arbeide,1,Forsørges av familie/privat,Forsørget,regel,"fallback-regel, sjekket manuelt"
Lever ved egne midler,1,Lever av egne midler,Forsørget,regel,"gårdeier i by = leieinntekter, derfor hit og ikke Jordbruk"
Levrandørs Enke Lever af sine Midler: Ved Kaabeforretning,1,Lever av egne midler,Forsørget,regel,
lidt formue,1,Lever av egne midler,Forsørget,regel,"gårdeier i by = leieinntekter, derfor hit og ikke Jordbruk"
Lidt kapital,1,Lever av egne midler,Forsørget,regel,"fallback-regel, sjekket manuelt"
Lidt Kapital. Underholdes af Sønene fhv. bagermester,1,Forsørges av familie/privat,Forsørget,manuell,"forhenværende yrke, lever nå av støtte/eiendom"
Lidt understøttelse ved legat,1,Understøttes av legat,Forsørget,regel,"gårdeier i by = leieinntekter, derfor hit og ikke Jordbruk"
Lifsforsikrings understøttelse,1,Lever av egne midler,Forsørget,regel,"gårdeier i by = leieinntekter, derfor hit og ikke Jordbruk"
Livrente Eier af gaarden,1,Lever av egne midler,Forsørget,regel,"gårdeier i by = leieinntekter, derfor hit og ikke Jordbruk"
Livrente og Legater,1,Understøttes av legat,Forsørget,regel,"gårdeier i by = leieinntekter, derfor hit og ikke Jordbruk"
Nyder Fattigunderstøttelse,1,Understøttes av fattigvesen,Forsørget,regel,"gårdeier i by = leieinntekter, derfor hit og ikke Jordbruk"
Nyder Fattigunderstøttelse og forøvrigt nogen Støtte af sin Datter No. 1,1,Understøttes av fattigvesen,Forsørget,regel,"gårdeier i by = leieinntekter, derfor hit og ikke Jordbruk"
nyder offtl Understøtelse,1,Offentlig understøttet,Forsørget,regel,"fallback-regel, sjekket manuelt"
Nyder Understøtelse af Fattigkassen & i Byen boende Børn,1,Understøttes av fattigvesen,Forsørget,regel,"gårdeier i by = leieinntekter, derfor hit og ikke Jordbruk"
Næring af Midler,1,Lever av egne midler,Forsørget,regel,"gårdeier i by = leieinntekter, derfor hit og ikke Jordbruk"
Næring af Midler Gaardejer,1,Huseier/gårdeier,Forsørget,regel,"gårdeier i by = leieinntekter, derfor hit og ikke Jordbruk"
Næring af Midler og Legat,1,Understøttes av legat,Forsørget,regel,"gårdeier i by = leieinntekter, derfor hit og ikke Jordbruk"
Ofentli understøttelse,1,Offentlig understøttet,Forsørget,regel,"gårdeier i by = leieinntekter, derfor hit og ikke Jordbruk"
ofentlig Understøttelse,1,Offentlig understøttet,Forsørget,regel,"gårdeier i by = leieinntekter, derfor hit og ikke Jordbruk"
Ofentlig understøttelse %ingen%,1,Offentlig understøttet,Forsørget,regel,"gårdeier i by = leieinntekter, derfor hit og ikke Jordbruk"
Off pension v eg midler,1,Pensjonist,Forsørget,regel,"gårdeier i by = leieinntekter, derfor hit og ikke Jordbruk"
off. Underst.,1,Offentlig understøttet,Forsørget,regel,"gårdeier i by = leieinntekter, derfor hit og ikke Jordbruk"
off. underst.,1,Offentlig understøttet,Forsørget,regel,"gårdeier i by = leieinntekter, derfor hit og ikke Jordbruk"
Off. underst. Husgj.,1,Offentlig understøttet,Forsørget,regel,
Off. understøttelse af fattigkassen,1,Understøttes av fattigvesen,Forsørget,regel,"gårdeier i by = leieinntekter, derfor hit og ikke Jordbruk"
offentl Understøttelse,1,Offentlig understøttet,Forsørget,regel,"gårdeier i by = leieinntekter, derfor hit og ikke Jordbruk"
Offentlig understøtet af fattigkassen,1,Understøttes av fattigvesen,Forsørget,regel,"gårdeier i by = leieinntekter, derfor hit og ikke Jordbruk"
Offentlig understøttelse. Enke,1,Offentlig understøttet,Forsørget,regel,"gårdeier i by = leieinntekter, derfor hit og ikke Jordbruk"
offentlig understøttet,1,Offentlig understøttet,Forsørget,regel,"gårdeier i by = leieinntekter, derfor hit og ikke Jordbruk"
Ophold af Haldens ølbryggeri,1,Pensjonist,Forsørget,manuell,"forhenværende yrke, lever nå av støtte/eiendom"
Ophold hos Søn,1,Forsørges av familie/privat,Forsørget,regel,forsørget av familien
Opholdes ved datteren no 2,1,Forsørges av familie/privat,Forsørget,regel,"fallback-regel, sjekket manuelt"
Opholds af sin Søn Pangtrin af Statden Kr 100 Aaret %intet%,1,Forsørges av familie/privat,Forsørget,regel,"fallback-regel, sjekket manuelt"
Pengtionist,1,Pensjonist,Forsørget,regel,"fallback-regel, sjekket manuelt"
Pension,1,Pensjonist,Forsørget,regel,"gårdeier i by = leieinntekter, derfor hit og ikke Jordbruk"
Pension af jernbanestyre,1,Pensjonist,Forsørget,manuell,"forhenværende yrke, lever nå av støtte/eiendom"
Pension fr. Sverige,1,Pensjonist,Forsørget,regel,"gårdeier i by = leieinntekter, derfor hit og ikke Jordbruk"
Pension og Legater,1,Pensjonist,Forsørget,regel,"gårdeier i by = leieinntekter, derfor hit og ikke Jordbruk"
Pension som fv. Foged,1,Pensjonist,Forsørget,regel,"gårdeier i by = leieinntekter, derfor hit og ikke Jordbruk"
Pensioneret Bestillingsmand,1,Pensjonist,Forsørget,manuell,"forhenværende yrke, lever nå av støtte/eiendom"
Pensioneret Fhv Taxtkone ved pantelaaneudretning,1,Pensjonist,Forsørget,regel,"gårdeier i by = leieinntekter, derfor hit og ikke Jordbruk"
Pensioneret fhv. Artillerioverkonstabel,1,Pensjonist,Forsørget,manuell,"forhenværende yrke, lever nå av støtte/eiendom"
Pensionist fhv. Klokker,1,Pensjonist,Forsørget,manuell,"forhenværende yrke, lever nå av støtte/eiendom"
Pensionist fra jernbanen,1,Pensjonist,Forsørget,manuell,"forhenværende yrke, lever nå av støtte/eiendom"
Pensionist Major fhv. Brigadelæge,1,Pensjonist,Forsørget,manuell,"forhenværende yrke, lever nå av støtte/eiendom"
Pensionnert af Kommunen,1,Pensjonist,Forsørget,regel,"gårdeier i by = leieinntekter, derfor hit og ikke Jordbruk"
Pensjonist,1,Pensjonist,Forsørget,regel,"fallback-regel, sjekket manuelt"
Pentioneret Lærerinde,1,Pensjonist,Forsørget,manuell,"forhenværende yrke, lever nå av støtte/eiendom"
Priv. Pension & legater,1,Pensjonist,Forsørget,regel,"gårdeier i by = leieinntekter, derfor hit og ikke Jordbruk"
Privat underst. og ophold ved 2,1,Forsørges av familie/privat,Forsørget,regel,"fallback-regel, sjekket manuelt"
Privat Understøttelse,1,Forsørges av familie/privat,Forsørget,regel,"gårdeier i by = leieinntekter, derfor hit og ikke Jordbruk"
privat understøttelse,1,Understøttes av fattigvesen,Forsørget,regel,"gårdeier i by = leieinntekter, derfor hit og ikke Jordbruk"
privat understøttet Understøttet af børnene,1,Forsørges av familie/privat,Forsørget,regel,"gårdeier i by = leieinntekter, derfor hit og ikke Jordbruk"
Privatunderstøttelse,1,Forsørges av familie/privat,Forsørget,regel,"gårdeier i by = leieinntekter, derfor hit og ikke Jordbruk"
paa Fattigkassen,1,Understøttes av fattigvesen,Forsørget,regel,"gårdeier i by = leieinntekter, derfor hit og ikke Jordbruk"
Rentenist lever af sine Midler,1,Lever av egne midler,Forsørget,regel,"gårdeier i by = leieinntekter, derfor hit og ikke Jordbruk"
"Rentenist, samt understøttet af lægat",1,Understøttes av legat,Forsørget,regel,"gårdeier i by = leieinntekter, derfor hit og ikke Jordbruk"
Rentenist; desuden arbeiderske intet bestemt,1,Lever av egne midler,Forsørget,regel,"gårdeier i by = leieinntekter, derfor hit og ikke Jordbruk"
rentier,1,Lever av egne midler,Forsørget,regel,"gårdeier i by = leieinntekter, derfor hit og ikke Jordbruk"
Rentist,1,Lever av egne midler,Forsørget,regel,"fallback-regel, sjekket manuelt"
Rentist og legater,1,Understøttes av legat,Forsørget,regel,"gårdeier i by = leieinntekter, derfor hit og ikke Jordbruk"
Ribber fjer fattigunderst,1,Håndgjerning fattigunderstøttelse,Forsørget,regel,"gårdeier i by = leieinntekter, derfor hit og ikke Jordbruk"
Sengeliggenes syg forsørges af fatigvæsenet,1,Understøttes av fattigvesen,Forsørget,manuell,offentlig støtte
sit Livsophold af søn,1,Forsørges av familie/privat,Forsørget,regel,"fallback-regel, sjekket manuelt"
Skogeier og Gaardeier,1,Huseier/gårdeier,Forsørget,regel,"gårdeier i by = leieinntekter, derfor hit og ikke Jordbruk"
Skredder fattigstøtte,1,Understøttes av fattigvesen,Forsørget,manuell,"forhenværende yrke, lever nå av støtte/eiendom"
Stiftelseslem Legat,1,Understøttes av legat,Forsørget,regel,"gårdeier i by = leieinntekter, derfor hit og ikke Jordbruk"
syg udygtig til al Gjerning og understøttes af Familien,1,Forsørges av familie/privat,Forsørget,regel,"gårdeier i by = leieinntekter, derfor hit og ikke Jordbruk"
Syg. Nyder Fattigunderstøttelse fra Kristiania Kommune,1,Offentlig understøttet,Forsørget,regel,"gårdeier i by = leieinntekter, derfor hit og ikke Jordbruk"
tidligere Handlende i Chr.a. lever nu i Svogerens Hus. intet,1,Forsørges av familie/privat,Forsørget,manuell,"forhenværende yrke, lever nå av støtte/eiendom"
til forsørgelse af Knudsen,1,Forsørges av familie/privat,Forsørget,regel,"fallback-regel, sjekket manuelt"
Trætøffelmager Fattigunderstøttet,1,Håndgjerning fattigunderstøttelse,Forsørget,regel,"gårdeier i by = leieinntekter, derfor hit og ikke Jordbruk"
"uden Erverv, Huseier",1,Huseier/gårdeier,Forsørget,regel,"gårdeier i by = leieinntekter, derfor hit og ikke Jordbruk"
Udsat af Fattigvesenet,1,Understøttes av fattigvesen,Forsørget,manuell,offentlig støtte
udsat af fattigvæsenet,1,Understøttes av fattigvesen,Forsørget,regel,"gårdeier i by = leieinntekter, derfor hit og ikke Jordbruk"
Underhold af Sønnen,1,Forsørges av familie/privat,Forsørget,regel,"fallback-regel, sjekket manuelt"
Underholdes af Broderen,1,Forsørges av familie/privat,Forsørget,regel,"gårdeier i by = leieinntekter, derfor hit og ikke Jordbruk"
Underholdes af børnene Hjælper datteren med strygeforretn.,1,Forsørges av familie/privat,Forsørget,regel,"gårdeier i by = leieinntekter, derfor hit og ikke Jordbruk"
Underholdes af datter,1,Forsørges av familie/privat,Forsørget,regel,"gårdeier i by = leieinntekter, derfor hit og ikke Jordbruk"
Underholdes af de foranstaaende,1,Forsørges av familie/privat,Forsørget,regel,"gårdeier i by = leieinntekter, derfor hit og ikke Jordbruk"
underholdes af Forældrene uden Erverv,1,Forsørges av familie/privat,Forsørget,regel,"gårdeier i by = leieinntekter, derfor hit og ikke Jordbruk"
Underholdes af mand og børn,1,Forsørges av familie/privat,Forsørget,regel,"gårdeier i by = leieinntekter, derfor hit og ikke Jordbruk"
"Underholdes af Nevøen, Niecen",1,Forsørges av familie/privat,Forsørget,regel,"gårdeier i by = leieinntekter, derfor hit og ikke Jordbruk"
Underholdes af No 2,1,Forsørges av familie/privat,Forsørget,regel,"gårdeier i by = leieinntekter, derfor hit og ikke Jordbruk"
Underholdes af sine Børn,1,Forsørges av familie/privat,Forsørget,regel,"gårdeier i by = leieinntekter, derfor hit og ikke Jordbruk"
Underholdes af Søn,1,Forsørges av familie/privat,Forsørget,regel,"gårdeier i by = leieinntekter, derfor hit og ikke Jordbruk"
Underholdes af sønnen,1,Forsørges av familie/privat,Forsørget,regel,"gårdeier i by = leieinntekter, derfor hit og ikke Jordbruk"
Underholdes af Sønnen arbeidsudygtig,1,Forsørges av familie/privat,Forsørget,regel,"gårdeier i by = leieinntekter, derfor hit og ikke Jordbruk"
Underst. af Fattigvæsenet,1,Understøttes av fattigvesen,Forsørget,regel,"gårdeier i by = leieinntekter, derfor hit og ikke Jordbruk"
Understøt af Komunen,1,Understøttes av fattigvesen,Forsørget,manuell,offentlig støtte
Understøt Fattigv.,1,Understøttes av fattigvesen,Forsørget,regel,"fallback-regel, sjekket manuelt"
Understøtels af kommunen,1,Understøttes av fattigvesen,Forsørget,manuell,offentlig støtte
Understøtelse af kommunen,1,Understøttes av fattigvesen,Forsørget,manuell,offentlig støtte
understøtelse av Fattivæsenet,1,Understøttes av fattigvesen,Forsørget,regel,"fallback-regel, sjekket manuelt"
"understøtelse, kommune",1,Offentlig understøttet,Forsørget,manuell,offentlig støtte
Understøtes af Skræddermester,1,Forsørges av familie/privat,Forsørget,manuell,
Understøtet fra Ødemark Fattigvæsen,1,Understøttes av fattigvesen,Forsørget,regel,"gårdeier i by = leieinntekter, derfor hit og ikke Jordbruk"
Understøtt. Kommune og Legat,1,Understøttes av fattigvesen,Forsørget,regel,"gårdeier i by = leieinntekter, derfor hit og ikke Jordbruk"
understøttelse af byen,1,Offentlig understøttet,Forsørget,regel,"gårdeier i by = leieinntekter, derfor hit og ikke Jordbruk"
Understøttelse af Børnene,1,Forsørges av familie/privat,Forsørget,regel,"gårdeier i by = leieinntekter, derfor hit og ikke Jordbruk"
Understøttelse af fattigkassen,1,Understøttes av fattigvesen,Forsørget,regel,"gårdeier i by = leieinntekter, derfor hit og ikke Jordbruk"
Understøttelse af militæretaten,1,Pensjonist,Forsørget,manuell,"forhenværende yrke, lever nå av støtte/eiendom"
Understøttes af byen,1,Understøttes av fattigvesen,Forsørget,regel,"gårdeier i by = leieinntekter, derfor hit og ikke Jordbruk"
understøttes af byen,1,Offentlig understøttet,Forsørget,regel,"gårdeier i by = leieinntekter, derfor hit og ikke Jordbruk"
Understøttes af byen Tjenestepige,1,Understøttes av fattigvesen,Forsørget,regel,"husholderske/husbestyrerinde = lønnet, derfor hit og ikke Husarbeid"
Understøttes af børn fv. Skrædder,1,Forsørges av familie,Forsørget,manuell,"forhenværende yrke, lever nå av støtte/eiendom"
Understøttes af børnene,1,Forsørges av familie,Forsørget,regel,"gårdeier i by = leieinntekter, derfor hit og ikke Jordbruk"
understøttes af Forældrene,1,Forsørges av familie/privat,Forsørget,regel,"gårdeier i by = leieinntekter, derfor hit og ikke Jordbruk"
understøttes av byen,1,Offentlig understøttet,Forsørget,regel,"gårdeier i by = leieinntekter, derfor hit og ikke Jordbruk"
Understøttet af Legat,1,Understøttes av legat,Forsørget,regel,"gårdeier i by = leieinntekter, derfor hit og ikke Jordbruk"
Unnerstøtels af Legat,1,Understøttes av legat,Forsørget,regel,"gårdeier i by = leieinntekter, derfor hit og ikke Jordbruk"
væsentlig af Formue,1,Lever av egne midler,Forsørget,regel,"gårdeier i by = leieinntekter, derfor hit og ikke Jordbruk"
"Arkitekt, Skibsreder",1,Arkitekt og skipsreder,Frie yrker,manuell,
Assistent hos Stadsingeniøren,1,Ingeniørassistent,Frie yrker,regel,prester og forkynnere ligger her; egen kategori mulig
"Cand. Jur Fhv. Overretssagfører, nu Afskriver mv",1,Arkivar/Avskriver,Frie yrker,regel,prester og forkynnere ligger her; egen kategori mulig
Forretningsfører for br.samlaget og livsasouranceagent,1,Forretningsfører og forsikringsagent,Frie yrker,regel,
Forstander for Baptistmenigheden,1,Pastor/menighetsforstander,Frie yrker,regel,"fallback-regel, sjekket manuelt"
Galanterihandler Tilsynsmd. for Rigsforsikringen Bestyrer af Sparebanken Pantelaanekontor,1,Bankbestyrer,Frie yrker,manuell,butikkfunksjon/salg
"Grosserer, bankbestyrer",1,Bankbestyrer,Frie yrker,manuell,butikkfunksjon/salg
"Lægpredikant, gaardeier",1,Lekpredikant,Frie yrker,regel,prester og forkynnere ligger her; egen kategori mulig
Menighedsforstander,1,Pastor/menighetsforstander,Frie yrker,regel,"fallback-regel, sjekket manuelt"
Missionær for Syvendedagsadventisternes trossamfund i Norge,1,Misjonær,Frie yrker,regel,prester og forkynnere ligger her; egen kategori mulig
Musiker,1,Musiker,Frie yrker,regel,prester og forkynnere ligger her; egen kategori mulig
Musiker ): Organist og Dir. for Militærmusikken samt Sanglærer,1,Musiker,Frie yrker,regel,
ORSagfører. Journalist,1,Advokat og journalist,Frie yrker,regel,prester og forkynnere ligger her; egen kategori mulig
Overretssagfører,1,Advokat,Frie yrker,regel,prester og forkynnere ligger her; egen kategori mulig
Overretssagfører og Redaktør,1,Advokat og redaktør,Frie yrker,regel,prester og forkynnere ligger her; egen kategori mulig
"Overretssagfører, bankchef",1,Advokat og banksjef,Frie yrker,regel,prester og forkynnere ligger her; egen kategori mulig
Pastor i Methodistkirken,1,Pastor/menighetsforstander,Frie yrker,regel,prester og forkynnere ligger her; egen kategori mulig
Redaktør,1,Redaktør,Frie yrker,regel,prester og forkynnere ligger her; egen kategori mulig
Reiser med en fonograf,1,Reiser med en fonograf,Frie yrker,regel,"fallback-regel, sjekket manuelt"
Residerende Kapellan,1,Kapellan,Frie yrker,regel,"fallback-regel, sjekket manuelt"
Skuespiller,1,Skuespiller,Frie yrker,regel,prester og forkynnere ligger her; egen kategori mulig
Sogneprest Konstitueret. Den Kat. missions omkostninger,1,Sogneprest,Frie yrker,regel,prester og forkynnere ligger her; egen kategori mulig
%Expeditrise%,1,Butikkdame/expiditrise,Handel,regel,"fallback-regel, sjekket manuelt"
Agent for Symasiner,1,Agent,Handel,regel,"fallback-regel, sjekket manuelt"
Agent i Colonial,1,Agent,Handel,regel,"fallback-regel, sjekket manuelt"
arb. i Blomsterforr.,1,Butikkmedarbeider,Handel,regel,
arbeider i forretningen,1,Butikkmedarbeider,Handel,regel,
asisterende i forretningen,1,Butikkmedarbeider,Handel,regel,
Behjælpelig i Caféen,1,Kafémedarbeider,Handel,regel,"fallback-regel, sjekket manuelt"
beskjæftiget ved Møbeludsalg og Contor,1,Butikkmedarbeider,Handel,manuell,butikkfunksjon/salg
Bestyrer Forretningen,1,Butikkbestyrer,Handel,regel,
Bestyrer i Kulhandel,1,Kullhandelsbestyrer,Handel,regel,
Bestyrerinde af Caffé,1,Kafébestyrer/-bestyrerinne,Handel,manuell,
Bestyrerinde af Klub,1,Klubbestyrerinne,Handel,manuell,butikkfunksjon/salg
betjent Skibsmæglerforretning,1,Butikk-/handelsbetjent,Handel,regel,"reder/megler er forretning, ikke mannskap"
Betjent v/ colonialforr.,1,Butikk-/handelsbetjent,Handel,manuell,
Betjent v/ manufakturforr.,1,Butikk-/handelsbetjent,Handel,regel,
Boghandler,1,Bokhandler,Handel,regel,
Boghandler Eier af Bogbinderi Eier af Trykkeri,1,Bokhandler og boktrykker,Handel,manuell,butikkfunksjon/salg
Boghandlermedhjælper,1,Butikk-/handelsbetjent,Handel,regel,"fallback-regel, sjekket manuelt"
Butijomfru hos N Buckholm,1,Butikkdame/expiditrise,Handel,regel,"fallback-regel, sjekket manuelt"
Butik,1,Butikkmedarbeider,Handel,regel,
Butik beseftigelse,1,Butikkmedarbeider,Handel,regel,
Butik betjent: Ved kaabeforetning,1,Butikk-/handelsbetjent,Handel,regel,
Butik dame,1,Butikkdame/expiditrise,Handel,regel,
Butik expetrise,1,Butikkdame/expiditrise,Handel,regel,
Butik Jomfru,1,Butikkdame/expiditrise,Handel,regel,
Butikbetjent,1,Handelsbetjent,Handel,regel,
Butikdame Expeditrise,1,Butikkdame/expiditrise,Handel,regel,
Butikdame i bagerforretning,1,Butikkdame/expiditrise,Handel,manuell,butikkfunksjon/salg
Butikdame I Butik hos M Fagerberg,1,Butikkdame/expiditrise,Handel,regel,
Butikdame I Butik i Nordsidens Skofferretning,1,Butikkdame/expiditrise,Handel,regel,
Butikdame kolonial,1,Butikkdame/expiditrise,Handel,regel,
Butikekspeditrice,1,Butikkdame/expiditrise,Handel,regel,
Butikexpedetrice i cigarforretning,1,Butikkdame/expiditrise,Handel,regel,
Butikexpeditrise i Galanterihandel,1,Butikkdame/expiditrise,Handel,regel,
Butikfrk. v/ meieriet,1,Butikkdame/expiditrise,Handel,manuell,butikkfunksjon/salg
Butikfrøken,1,Butikkdame/expiditrise,Handel,regel,
Butikfrøken i Kolonialforretning,1,Butikkdame/expiditrise,Handel,regel,
Butikhjomfru,1,Butikkdame/expiditrise,Handel,regel,
butikjomfru,1,Butikkdame/expiditrise,Handel,regel,
Butikjomfru hos Bager Hendriksen,1,Butikkdame/expiditrise,Handel,regel,
Butikjomfru hos Bager O Kleine,1,Butikkdame/expiditrise,Handel,regel,
Butikjomfru hos Justin Gundersen,1,Butikkdame/expiditrise,Handel,regel,
Butikjomfru hos Kjøbmand Dehlin,1,Butikkdame/expiditrise,Handel,regel,
Butikjomfru hos Mina Torpum Parfumeributik,1,Butikkdame/expiditrise,Handel,regel,
Butikjomfru i bagerbutik,1,Butikkdame/expiditrise,Handel,regel,
Butikjomfru i Blomsterforretning,1,Butikkdame/expiditrise,Handel,regel,
Butikjomfru i Bundtmagerforetning,1,Butikkdame/expiditrise,Handel,regel,
Butikjomfru i Kolnealfn.,1,Butikkdame/expiditrise,Handel,regel,
Butikjomfru i Kolonialforetning,1,Butikkdame/expiditrise,Handel,regel,
Butikjomfru kolonial,1,Butikkdame/expiditrise,Handel,regel,
Butikjomfru kolonialforretning,1,Butikkdame/expiditrise,Handel,regel,
Butikjomfru og hjælp i huset,1,Butikkdame/expiditrise,Handel,regel,
Butikjomfru paa meieriet,1,Butikkdame/expiditrise,Handel,manuell,butikkfunksjon/salg
Butikjomfru Sæbeforretning,1,Butikkdame/expiditrise,Handel,regel,
Butikjomfru ved Broderiforetning,1,Butikkdame/expiditrise,Handel,manuell,butikkfunksjon/salg
Butikjomfru ved kolonialforretn,1,Butikkdame/expiditrise,Handel,regel,
Butikjomfru ved manufaktur,1,Butikkdame/expiditrise,Handel,regel,
Butikkar Manufaktur,1,Butikk-/handelsbetjent,Handel,regel,
Butiksjomfru hos Førlie,1,Butikkdame/expiditrise,Handel,regel,
Café og Brødhandel,1,Kafébestyrer/-bestyrerinne,Handel,regel,
Café-Bestyrerinde,1,Kafébestyrer/-bestyrerinne,Handel,manuell,butikkfunksjon/salg
Café-Jomfru,1,Kafédame/servitrise,Handel,regel,"fallback-regel, sjekket manuelt"
Café-Pige,1,Kafédame/servitrise,Handel,regel,"fallback-regel, sjekket manuelt"
Cafebedrift,1,Kafébestyrer/-bestyrerinne,Handel,regel,"fallback-regel, sjekket manuelt"
cafévertidne,1,Kafévert/-vertinne,Handel,regel,"fallback-regel, sjekket manuelt"
Casserske v/ kolonial Hald. Arb. Handelsforening,1,Butikkdame/expiditrise,Handel,regel,
Colonialforretning,1,Butikkmedarbeider,Handel,regel,
Colonialkjøbmand,1,Kjøpmann/handelsmann,Handel,regel,
Condittorforretningsdame,1,Butikkdame/expiditrise,Handel,regel,
Contor & Butikjomfru ved Mineralvandfabrikken,1,Butikkdame/expiditrise,Handel,manuell,butikkfunksjon/salg
Datter Kaabesømforretning,1,Butikkdame/expiditrise,Handel,regel,
"Datter, Blomsterf.",1,Butikkdame/expiditrise,Handel,regel,"fallback-regel, sjekket manuelt"
driver Blomsterforretning,1,Butikkbestyrer,Handel,regel,
Driver handel,1,Kjøpmann/handelsmann,Handel,regel,
Driver husholdningshandel,1,Kjøpmann/handelsmann,Handel,regel,
Driver kolonialvarehandel,1,Kjøpmann/handelsmann,Handel,regel,
Egen kolonialforretning,1,Kjøpmann/handelsmann,Handel,regel,
Ekspedetrice ved Manufaktur,1,Butikkdame/expiditrise,Handel,regel,
ekspeditrice i manufakturfor.,1,Butikkdame/expiditrise,Handel,regel,
Exp. ved Jernvareforretning,1,Butikk-/handelsbetjent,Handel,regel,
Expederer i Manufagturforretning,1,Butikk-/handelsbetjent,Handel,regel,
Expedetrice i Husholdningshandel,1,Butikkdame/expiditrise,Handel,regel,
Expedetrise,1,Butikkdame/expiditrise,Handel,manuell,butikkfunksjon/salg
Expedetrise i cigarbutik,1,Butikkdame/expiditrise,Handel,regel,
Expeditrice Glasmagasin,1,Butikkdame/expiditrise,Handel,manuell,butikkfunksjon/salg
Expeditrice i Conditorforretning,1,Butikkdame/expiditrise,Handel,manuell,butikkfunksjon/salg
Expeditrice i faderens kolonialforretning og behjælpelig i huset,1,Butikkdame/expiditrise,Handel,manuell,yrket vinner over familiestilling
Expeditrice Kaabeforretning,1,Butikkdame/expiditrise,Handel,manuell,butikkfunksjon/salg
Expeditrise i butik,1,Butikkdame/expiditrise,Handel,regel,
Expeditrise i Kolonialfor.,1,Butikkdame/expiditrise,Handel,regel,
Farvehandlersker,1,Farvehandlerske,Handel,regel,
Fedevareforretning detalj,1,Butikkmedarbeider,Handel,regel,"fallback-regel, sjekket manuelt"
Fiskehander,1,Fiskehandler,Handel,regel,"fallback-regel, sjekket manuelt"
Fiskhandlar,1,Fiskehandler,Handel,regel,"fallback-regel, sjekket manuelt"
Forretningsdame Colonial & manufactur,1,Butikkdame/expiditrise,Handel,regel,
Forretningsdame kolonialforretning,1,Butikkdame/expiditrise,Handel,regel,
Forretningsdame Manufact.,1,Butikkdame/expiditrise,Handel,regel,
Forretningsdame v/ skotøiudsalg,1,Butikkdame/expiditrise,Handel,regel,
Frugtsælgerske,1,Fruktselger,Handel,regel,
Fulmægtil i boghandel,1,Bokhandelfullmektig,Handel,regel,
fv Handelsmand Husleieindtægt og renter,1,Forsørget,Forsørget,regel,
fv. Kjøbmand i Colonial,1,Forsørget,Forsørget,regel,
Glasvarehandel,1,Butikkmedarbeider,Handel,regel,
Grønsaghandel,1,Grønnsakshandler,Handel,regel,
Gaardeier & Kreaturhandler,1,Kreaturhandler/kveghandler,Handel,regel,
Gaardeierinde & Pensjonat,1,Pensjonatvert/-vertinne,Handel,manuell,butikkfunksjon/salg
Handel,1,Kjøpmann/handelsmann,Handel,regel,
Handel Sæbe & Parfüm,1,Kjøpmann/handelsmann,Handel,regel,
Handelmand Kolonial,1,Kjøpmann/handelsmann,Handel,regel,
Handels betjent,1,Butikk-/handelsbetjent,Handel,regel,
Handels betjent Kolonial,1,Butikk-/handelsbetjent,Handel,regel,
Handels Expetrise v/ Bagerforretning,1,Butikkdame/expiditrise,Handel,manuell,butikkfunksjon/salg
Handels Reisende,1,Handelsreisende,Handel,regel,
Handels-ekspedetrise,1,Butikkdame/expiditrise,Handel,regel,
Handelsagent,1,Handelsagent,Handel,regel,
Handelsbekjendt,1,Butikk-/handelsbetjent,Handel,regel,
Handelsbestyrer colonialf.,1,Handelsbestyrer,Handel,regel,
Handelsbestyrer v/ Colonialforretning,1,Handelsbestyrer,Handel,regel,
Handelsbetj: Manufakturforretning,1,Butikk-/handelsbetjent,Handel,regel,
Handelsbetjent fortiden uden Bestel,1,Butikk-/handelsbetjent,Handel,regel,
Handelsbetjent hos Grøn,1,Butikk-/handelsbetjent,Handel,regel,
Handelsbetjent hos Vestby Colonialforr.,1,Butikk-/handelsbetjent,Handel,regel,
Handelsbetjent i colonial,1,Butikk-/handelsbetjent,Handel,regel,
Handelsbetjent i Haldens Arb Handelsforening,1,Butikk-/handelsbetjent,Handel,regel,
Handelsbetjent i Isenkram & Farvehandel,1,Butikk-/handelsbetjent,Handel,regel,
Handelsbetjent i jernforretning,1,Butikk-/handelsbetjent,Handel,regel,
Handelsbetjent i Manufacturforretning,1,Butikk-/handelsbetjent,Handel,regel,
Handelsbetjent i manufaktur,1,Butikk-/handelsbetjent,Handel,regel,
Handelsbetjent i Manufakturf.,1,Butikk-/handelsbetjent,Handel,regel,
Handelsbetjent Kolonial,1,Butikk-/handelsbetjent,Handel,regel,
Handelsbetjent Manufactur,1,Butikk-/handelsbetjent,Handel,regel,
Handelsbetjent Manufagtur,1,Butikk-/handelsbetjent,Handel,regel,
Handelsbetjent v/ kolonial Kjøbm. Gluchstad,1,Butikk-/handelsbetjent,Handel,regel,
Handelsbetjent ved Boghandel,1,Butikk-/handelsbetjent,Handel,regel,
Handelsbetjent ved Manufacturforretning,1,Butikk-/handelsbetjent,Handel,regel,
Handelsbitræde,1,Butikk-/handelsbetjent,Handel,regel,
Handelsbj. paa brændevinssamlag,1,Butikk-/handelsbetjent,Handel,regel,
Handelsborger Kolonial & Fedevarer,1,Kjøpmann/handelsmann,Handel,regel,
Handelsfuldmægt.,1,Handelsfullmektig,Handel,regel,
Handelsman & Arbeider,1,Kjøpmann/handelsmann,Handel,regel,
Handelsmand colonial,1,Kjøpmann/handelsmann,Handel,regel,
Handelsmand i Colonial,1,Kjøpmann/handelsmann,Handel,regel,
Handelsmand kolonial,1,Kjøpmann/handelsmann,Handel,regel,
Handelsmand med kurv & træsvarer,1,Kjøpmann/handelsmann,Handel,regel,
Handelsmand og Logivert,1,Kjøpmann/handelsmann,Handel,regel,
"Handelsmand, kolonialforretn.",1,Kjøpmann/handelsmann,Handel,regel,
Handelsreisende,1,Handelsreisende,Handel,regel,
Handelsreisende Haldens Spinderi & Væveri,1,Handelsreisende,Handel,manuell,butikkfunksjon/salg
Handlende & Spisef.,1,Kjøpmann/handelsmann,Handel,regel,
Handlende Husholdningshandel,1,Kjøpmann/handelsmann,Handel,regel,
Handlende Kolonial,1,Kjøpmann/handelsmann,Handel,regel,
Handlende Kolonialhandel,1,Kjøpmann/handelsmann,Handel,regel,
Handlende Manufactur,1,Kjøpmann/handelsmann,Handel,regel,
Handlende Mindre husholdningshandel,1,Kjøpmann/handelsmann,Handel,regel,
Handlende og gaardeier,1,Kjøpmann/handelsmann,Handel,regel,
"Handler med Filler og Ben og Enke, Huseier",1,Skraphandler,Handel,manuell,butikkfunksjon/salg
Hjelper i Foretningen,1,Butikkmedarbeider,Handel,regel,"fallback-regel, sjekket manuelt"
Hotel,1,Hotellmedarbeider,Handel,regel,
Hotelgut,1,Hotelltjener,Handel,regel,
Hoteltjener,1,Hotelltjener,Handel,regel,
Hotelvertinde,1,Hotellvert/-vertinne,Handel,regel,
Hotelägare,1,Hotelleier,Handel,regel,
"Huseier, handlende",1,Kjøpmann/handelsmann,Handel,regel,
Husholderske og Colonialforretning,1,Butikkmedarbeider,Handel,regel,
Husholdningshandel Handelsmand,1,Kjøpmann/handelsmann,Handel,regel,
Hustru Logi & Spiseforretning,1,Hustru/husmor,Husarbeid,manuell,yrket vinner over familiestilling
Hustru Logiforretng,1,Hustru/husmor,Husarbeid,manuell,yrket vinner over familiestilling
Hvidevareforretning,1,Butikkmedarbeider,Handel,regel,
i Sæbeforretning,1,Butikkmedarbeider,Handel,regel,
Indehaver af Cigarforretning,1,Butikkbestyrer,Handel,regel,
Intresent i Firma P. Bergman Mel & Kornforr. Dampskibsexp.,1,Interessent/deleier,Frie yrker,manuell,butikkfunksjon/salg
Jernhandler,1,Jernvarehandler,Handel,regel,
Jernvarehandler,1,Jernvarehandler,Handel,regel,
Kafévertinde,1,Kafévert/-vertinne,Handel,regel,"fallback-regel, sjekket manuelt"
Kafévært,1,Kafévert/-vertinne,Handel,regel,"fallback-regel, sjekket manuelt"
Kasereske i manufaktur,1,Butikkdame/expiditrise,Handel,regel,
Kioskjomfru,1,Butikkdame/expiditrise,Handel,regel,"fallback-regel, sjekket manuelt"
Kjøbm,1,Kjøpmann/handelsmann,Handel,regel,"fallback-regel, sjekket manuelt"
Kjøbm.,1,Kjøpmann/handelsmann,Handel,regel,"fallback-regel, sjekket manuelt"
Kjøbm. i Kolonial,1,Kjøpmann/handelsmann,Handel,regel,
Kjøbmand Colonial,1,Kjøpmann/handelsmann,Handel,regel,
Kjøbmand Colonial og Manufactur,1,Kjøpmann/handelsmann,Handel,regel,
Kjøbmand Colonialforetning,1,Kjøpmann/handelsmann,Handel,regel,
Kjøbmand fhv. (Konkurs),1,Kjøpmann/handelsmann,Handel,regel,
Kjøbmand Glasmagasin,1,Kjøpmann/handelsmann,Handel,regel,
Kjøbmand i Colonial,1,Kjøpmann/handelsmann,Handel,regel,
Kjøbmand i Isenkram,1,Kjøpmann/handelsmann,Handel,regel,
Kjøbmand Manufactur,1,Kjøpmann/handelsmann,Handel,regel,
Kjøbmand og Lagermand,1,Kjøpmann/handelsmann,Handel,regel,
Kjøbmand og Sergent,1,Sersjant,Militær,manuell,butikkfunksjon/salg
Kjøbmand Vin & Colonial,1,Kjøpmann/handelsmann,Handel,regel,
"Kjøbmand, Skibshandel",1,Kjøpmann/handelsmann,Handel,regel,
Kjøbmand. Kolonialvarer,1,Kjøpmann/handelsmann,Handel,regel,
Kjøbmd i Manufaktur,1,Kjøpmann/handelsmann,Handel,regel,
Kolonial Kjøbmand,1,Kjøpmann/handelsmann,Handel,regel,
Kolonihandel,1,Butikkmedarbeider,Handel,regel,
Kolportør,1,Handelsreisende,Handel,regel,"fallback-regel, sjekket manuelt"
Kolportør. %Boghandler%,1,Handelsreisende,Handel,regel,
Korpertør,1,Handelsreisende,Handel,manuell,antatt kolportør (omreisende selger)
Kortevarehandel,1,Kjøpmann/handelsmann,Handel,regel,
Kram Handel,1,Kramhandler,Handel,regel,
Kramhanlerske Omvankende sælgerske,1,Kramhandler,Handel,regel,
Kramkar,1,Kramhandler,Handel,regel,"fallback-regel, sjekket manuelt"
Kreaturhandler og gaardeier,1,Kreaturhandler/kveghandler,Handel,manuell,butikkfunksjon/salg
Kræmmer Skræppekar,1,Handelsreisende,Handel,regel,"fallback-regel, sjekket manuelt"
Kulhandler,1,Kullhandler,Handel,regel,
Kulhandler og Skibsreder,1,Kullhandler,Handel,regel,"reder/megler er forretning, ikke mannskap"
Kurv Handel,1,Butikkmedarbeider,Handel,regel,
Kaabeforretning,1,Butikkmedarbeider,Handel,regel,
Lagerbetjent i manufact.,1,Lagerarbeider,Handel,regel,"fallback-regel, sjekket manuelt"
Lagermand ved Frh. Samlag,1,Lagerarbeider,Handel,regel,
Lagermand. Brændevinssamlagslager,1,Lagerarbeider,Handel,regel,
Leiebibliotek,1,Leiebibliotek,Handel,manuell,butikkfunksjon/salg
Leiebibliothek,1,Leiebibliotek,Handel,manuell,butikkfunksjon/salg
Leverandør Trælastforetning,1,Leverandør,Handel,manuell,butikkfunksjon/salg
Levrandør Formand Trælastforrætning,1,Leverandør,Handel,manuell,butikkfunksjon/salg
Levrandør ve Saugbrugsforeningen,1,Leverandør,Handel,manuell,butikkfunksjon/salg
Logiforretning - Sømarbeide,1,Logivert/-vertinne,Handel,regel,"fallback-regel, sjekket manuelt"
Logihus,1,Logivert/-vertinne,Handel,regel,
Logisforretn. & småhandel,1,Logivert/-vertinne,Handel,regel,
Logivært,1,Logivert/-vertinne,Handel,regel,"fallback-regel, sjekket manuelt"
Lærejomfru,1,Lærejomfru,Handel,manuell,"TVIL: lærejente, antatt butikk"
Lærling i Fadernes Forretning,1,Lærling,Handel,regel,
Manufacturbetjent,1,Butikk-/handelsbetjent,Handel,regel,"fallback-regel, sjekket manuelt"
Manufakturekspedetrise,1,Butikkdame/expiditrise,Handel,regel,
Manufakturhandler,1,Kjøpmann/handelsmann,Handel,regel,
Mel - Havre en Gross & Dampsk. Expedition,1,Interessent/deleier,Frie yrker,manuell,butikkfunksjon/salg
Melkehandel,1,Melkehandel,Handel,regel,
Melkehandel og gaardeierske Enke,1,Melkehandel,Handel,regel,
Modedame,1,Motehandel,Handel,regel,"fallback-regel, sjekket manuelt"
Modedame egen f.,1,Motehandel,Handel,regel,"fallback-regel, sjekket manuelt"
Modepynt. Egen Forretning,1,Motehandel,Handel,regel,
Mægler Betjent,1,Butikk-/handelsbetjent,Handel,regel,"fallback-regel, sjekket manuelt"
Nederlansk Consul trælasthandler,1,Konsul,Frie yrker,manuell,butikkfunksjon/salg
Nøgterhedscafé,1,Kafévert/-vertinne,Mat og drikke,regel,"fallback-regel, sjekket manuelt"
Omvandrende Ulvarehandler,1,Ullvarehandler,Handel,regel,
"Overlevrandør, Trælast",1,Leverandør,Handel,manuell,butikkfunksjon/salg
Pakhusformand,1,Lagerformann,Handel,manuell,butikkfunksjon/salg
pakkerske i Skotøiforretning,1,Butikkmedarbeider,Handel,regel,
pensionat,1,Pensjonatvert/-vertinne,Handel,manuell,butikkfunksjon/salg
Pensionat privathotel,1,Pensjonatvert/-vertinne,Handel,regel,
Regningsbud Handlende med speile og billeder,1,Kjøpmann/handelsmann,Handel,regel,
Reisende,1,Handelsreisende,Handel,regel,
"Rejser som Bogagent for 'Den norske Bogmission', Akersgaden 74, Kristiania",1,Handelsreisende,Handel,regel,"fallback-regel, sjekket manuelt"
Rentenist Fhv. boghandler,1,Lever av egne midler,Forsørget,regel,
Restaurant,1,Restaurantør,Handel,regel,"fallback-regel, sjekket manuelt"
Restaurations-Bestyrerinde,1,Restaurantbestyrer/-bestyrerinne,Handel,manuell,butikkfunksjon/salg
Restauratør Eier af restauration,1,Restaurantør,Handel,regel,
selger brugte Kleder,1,Bruktthandler,Handel,regel,"fallback-regel, sjekket manuelt"
Skibsreder & Fuldmægtig hos et Skibsrederfirma,1,Skipsreder og fullmektig,Frie yrker,manuell,butikkfunksjon/salg
Smaahandel,1,Kjøpmann/handelsmann,Handel,regel,
Spise og logis forretning,1,Spisevert/-vertinne,Mat og drikke,regel,
Spisevert & Restauratør,1,Restaurantør,Handel,regel,
Spisevertinde,1,Spisevert/-vertinne,Mat og drikke,regel,"fallback-regel, sjekket manuelt"
Strikkeforretning,1,Butikkmedarbeider,Handel,regel,
Tjenestepige ved Grand hotel,1,Hotelltjener,Handel,regel,
Trælast & Kulforretning,1,Trelasthandler,Handel,manuell,butikkfunksjon/salg
Trælasthandler,1,Trelasthandler,Handel,manuell,butikkfunksjon/salg
Trælasthandler Bankbestyer Vic-Consul,1,Konsul og bankbestyrer,Frie yrker,manuell,butikkfunksjon/salg
Trævarehandler og Opsynsmand ved Fangestranden,1,Trelasthandler,Handel,manuell,butikkfunksjon/salg
Uldvaehandler,1,Ullvarehandler,Handel,regel,
Vertinde,1,Logivert/-vertinne,Handel,regel,"fallback-regel, sjekket manuelt"
Visegut hos guldsmed,1,Visergutt,Handel,manuell,
Visegut i Kolonialforretning,1,Visergutt,Handel,manuell,
Visejente,1,Visejente,Handel,regel,
Visergut Boghandlerforretning,1,Visergutt,Handel,manuell,
Visergut hos forskjellige privathuse,1,Visergutt,Handel,regel,
visergut hos handlende,1,Visergutt,Handel,manuell,bud/visergutt regnes som transport uansett arbeidssted
visergut hos Hofgaard,1,Visergutt,Handel,regel,"jernbane samlet her, også funksjonærene"
Visergut i handelsforening,1,Visergutt,Handel,manuell,
Visergut i jernvareforretn.,1,Visergutt,Handel,regel,
Visergut Manufactur,1,Visergutt,Handel,regel,
Visergut manufakturfor.,1,Visergutt,Handel,manuell,
Værtinde i Klub,1,Klubbvertinne,Handel,regel,"fallback-regel, sjekket manuelt"
Økonom Restauratør,1,Restaurantør,Handel,regel,
Ølhandler,1,Ølhandler,Handel,regel,
Amts-Dyrlæge,1,Amtsdyrlege,Helse,regel,
ansat ved Varmbadet,1,Badeassistent,Helse,regel,
Arbeiderske ved Apothek,1,Apotekearbeider,Helse,regel,
Badepige,1,Badeassistent,Helse,regel,gravstell og liksvøp lagt til helse/omsorg
Bespisnings Vertinde ved sygehuset,1,Kjøkkensjef (sykehus),Helse,manuell,
Bestyrerinde af barnehjem og asyl,1,Barnehjemsbestyrer,Helse,manuell,
Cand. pharm,1,Farmasøyt,Helse,regel,prester og forkynnere ligger her; egen kategori mulig
Cand. pharm. Forretningsreisende,1,Farmasøyt,Helse,regel,prester og forkynnere ligger her; egen kategori mulig
dagarbeiderske sygepleie og vask,1,Ufaglært sykepleier,Helse,regel,
Diakonisse Bestyrerinde ved sygehuset,1,Sykehusbestyrer/-bestyrerinne,Helse,regel,
Dicipel v/ Apotheket,1,Apoteklærling,Helse,regel,
Farmaceut,1,Farmasøyt,Helse,regel,gravstell og liksvøp lagt til helse/omsorg
Fyrbøder Pr. Stimbad,1,Fyrbøter (badehus),Helse,manuell,
Gravpasserske etc,1,Kirkegårdsarbeider,Offentlig tjeneste,regel,gravstell og liksvøp lagt til helse/omsorg
Haandgjerning i Sygepleien,1,Ufaglært sykepleier,Helse,regel,
Jordemoder braktiserende,1,Jordmor,Helse,regel,
Jordemor,1,Jordmor,Helse,manuell,
Jordmoder for Bergs herred,1,Jordmor,Helse,regel,
Jormor,1,Jordmor,Helse,regel,
Kaseerke ved Apothek,1,Apotekearbeider,Helse,regel,
Kassererske v/ apothek,1,Apotekearbeider,Helse,regel,
Koppekone,1,Koppekone,Helse,manuell,"kopping, folkemedisin"
Kransebinding og gravpassing,1,Kirkegårdsarbeider,Offentlig tjeneste,regel,gravstell og liksvøp lagt til helse/omsorg
Laborantkarl,1,Apoteklaborant,Helse,regel,gravstell og liksvøp lagt til helse/omsorg
Laborantkarl paa Apotheket Ørnen,1,Apoteklaborant,Helse,regel,
Ligsvøbpsforetning,1,Begravelsesagent,Helse,regel,gravstell og liksvøp lagt til helse/omsorg
"Læge, sanitetskaptein",1,Sanitetskaptein,Militær,regel,
Læge. Privat praktiserende,1,Lege,Helse,regel,
Massagebehandling,1,Massør,Helse,regel,
Prakticerende tandlæge,1,Tannlege,Helse,regel,
praktiserende læge og 'bylæge' -kommunelæge,1,Kommunelege,Helse,regel,
Praktiserende Tandlæge,1,Tannlege,Helse,regel,
"Proviser, Apothek",1,Provisorfarmasøyt,Helse,regel,
Provisor Bestyrer af Tistedalens apothek,1,Provisorfarmasøyt,Helse,regel,
Provisor. Svaneapotheket,1,Provisorfarmasøyt,Helse,regel,
Sanitetskaptein og praktiserende læge,1,Sanitetskaptein,Militær,regel,
Sygegymnast og Massør,1,Massør,Helse,regel,
Sygepleier,1,Sykepleier,Helse,regel,
tandlægeelev,1,Tannlegelærling,Helse,regel,
Vaagekone,1,Våkekone,Helse,regel,
Vaagekone ved Byens Sygehus 'Ebeneser',1,Våkekone,Helse,regel,
Apothekerens Hustru,1,Hustru/husmor,Husarbeid,manuell,
arb. i Huset,1,Husgjerning,Husarbeid,regel,
Arbeider i Huset,1,Husgjerning,Husarbeid,regel,
Arbeider i Huuset Underholdes af Børnene,1,Husgjerning,Husarbeid,regel,
Arbeisdygtig Husstel,1,Husgjerning,Husarbeid,regel,
Behjelpelig hjemme,1,Husgjerning,Husarbeid,regel,"fallback-regel, sjekket manuelt"
Behjælpelig i Familien %Huset%,1,Husgjerning,Husarbeid,regel,"fallback-regel, sjekket manuelt"
Behjælpelig i Huset,1,Husgjerning,Husarbeid,regel,
Behjælpelig i huset,1,Husgjerning,Husarbeid,regel,
Behjælpelig med husgjerningen,1,Husgjerning,Husarbeid,regel,
Bejelpelig i Huset ingen Erverv,1,Husgjerning,Husarbeid,regel,"fallback-regel, sjekket manuelt"
Bestyrer huset,1,Husgjerning,Husarbeid,regel,
Bestyrer huset for sine børn,1,Husgjerning,Husarbeid,regel,
Bestyrerinde af Huset,1,Husgjerning,Husarbeid,regel,"fallback-regel, sjekket manuelt"
Datter - husgjerning,1,Husgjerning,Husarbeid,regel,
Datter - Husgjerning hos moderen,1,Husgjerning,Husarbeid,regel,
Datter Husholdningbehj.,1,Husgjerning,Husarbeid,regel,"fallback-regel, sjekket manuelt"
Datter Huslig gjerning,1,Husgjerning,Husarbeid,regel,
"Datter, husgjerning hos forældrene",1,Husgjerning,Husarbeid,manuell,
Deltager i H.gjern.,1,Husgjerning,Husarbeid,regel,
Deltager i husets gjerning,1,Husgjerning,Husarbeid,regel,
Enke steller Huset for Skræddersvenden,1,Husgjerning,Husarbeid,regel,
er til hjelp i huset,1,Husgjerning,Husarbeid,regel,"fallback-regel, sjekket manuelt"
Fiskers datter. Husgjern.,1,Husgjerning,Husarbeid,regel,
forestaar husets gøremål,1,Husgjerning,Husarbeid,regel,"fallback-regel, sjekket manuelt"
Fru Grossererfrue,1,Hustru/husmor,Husarbeid,regel,"fallback-regel, sjekket manuelt"
Gårdeierske Husmoder,1,Hustru/husmor,Husarbeid,regel,
Gaardm.-Datter Husgjerning,1,Husgjerning,Husarbeid,regel,
H.J.,1,Husgjerning,Husarbeid,manuell,TVIL: antatt husgjerning
hans Hustru,1,Hustru/husmor,Husarbeid,regel,"fallback-regel, sjekket manuelt"
Hjelper til i Huset,1,Husgjerning,Husarbeid,regel,"fallback-regel, sjekket manuelt"
Hjemme og hjælper sin mor,1,Husgjerning,Husarbeid,regel,"fallback-regel, sjekket manuelt"
hm,1,Hustru/husmor,Husarbeid,regel,
Hm.,1,Hustru/husmor,Husarbeid,regel,
Hm. Ernæres af børnene,1,Hustru/husmor,Husarbeid,manuell,
Hmoder,1,Hustru/husmor,Husarbeid,regel,"fallback-regel, sjekket manuelt"
hsugjerning,1,Husgjerning,Husarbeid,regel,"fallback-regel, sjekket manuelt"
hus jarning,1,Husgjerning,Husarbeid,regel,
hus jarning Forsørges af svigersønnen,1,Husgjerning,Husarbeid,manuell,
Hus%tru%gjærning,1,Hustru/husmor,Husarbeid,regel,"fallback-regel, sjekket manuelt"
husarbeide,1,Husgjerning,Husarbeid,regel,
husarbeide Underholdes af Sønnen,1,Husgjerning,Husarbeid,regel,
Huseierske Husgj. Priv underst. legater,1,Husgjerning,Husarbeid,regel,
Huses stel,1,Husgjerning,Husarbeid,regel,"fallback-regel, sjekket manuelt"
Huset,1,Husgjerning,Husarbeid,regel,
Husets Stel Enke,1,Husgjerning,Husarbeid,regel,
Husgerning,1,Husgjerning,Husarbeid,regel,
Husgj og rengj-kone,1,Husgjerning,Husarbeid,regel,
Husgjern.,1,Husgjerning,Husarbeid,regel,
Husgjern. %intet%,1,Husgjerning,Husarbeid,regel,
Husgjern. hjemmeværende,1,Husgjerning,Husarbeid,manuell,
Husgjern. Ingen,1,Husgjerning,Husarbeid,regel,
Husgjerning - Datter,1,Husgjerning,Husarbeid,regel,
husgjerning - hustru,1,Husgjerning,Husarbeid,regel,
Husgjerning 'Pige',1,Husgjerning,Husarbeid,regel,
Husgjerning %arbeidsdygtig%,1,Husgjerning,Husarbeid,regel,
Husgjerning %Hustru%,1,Husgjerning,Husarbeid,regel,
Husgjerning Fattigunderstøttelse,1,Husgjerning,Husarbeid,regel,
Husgjerning Fattigvæsenet,1,Husgjerning,Husarbeid,regel,
Husgjerning Forsørges af sønnen,1,Husgjerning,Husarbeid,manuell,
Husgjerning gaardmandskone,1,Husgjerning,Husarbeid,regel,
Husgjerning hjemme hos forældrene,1,Husgjerning,Husarbeid,manuell,
Husgjerning hos Moderen,1,Husgjerning,Husarbeid,regel,
Husgjerning hos svigersøn,1,Husgjerning,Husarbeid,regel,
Husgjerning Hustru,1,Husgjerning,Husarbeid,regel,
Husgjerning i huset,1,Husgjerning,Husarbeid,regel,
Husgjerning og fattigunderst,1,Husgjerning,Husarbeid,regel,
Husgjerning og fattigunderst.,1,Husgjerning,Husarbeid,regel,
Husgjerning og gaardeier,1,Husgjerning,Husarbeid,regel,
Husgjerning og tilsyn i butikken,1,Husgjerning,Husarbeid,regel,
Husgjerning og vask,1,Husgjerning,Husarbeid,regel,
Husgjerning Tjenestepige,1,Husgjerning,Husarbeid,regel,
Husgjerning Understøttet af familie,1,Husgjerning,Husarbeid,regel,
Husgjerning. Hustru,1,Husgjerning,Husarbeid,regel,
Husgjerning. Skurekone ol,1,Husgjerning,Husarbeid,regel,
Husgjærn.,1,Husgjerning,Husarbeid,regel,
husgjærning,1,Husgjerning,Husarbeid,regel,
Husgjærningen,1,Husgjerning,Husarbeid,regel,
Huslig gjern. tjenestepige,1,Husgjerning,Husarbeid,regel,
Huslig Gjerning,1,Husgjerning,Husarbeid,regel,
Huslige Sysler,1,Husgjerning,Husarbeid,regel,"fallback-regel, sjekket manuelt"
Husligt Arbeide,1,Husgjerning,Husarbeid,regel,"fallback-regel, sjekket manuelt"
Husm.,1,Hustru/husmor,Husarbeid,regel,"fallback-regel, sjekket manuelt"
Husmoder & Manden O.R.sagfører,1,Hustru/husmor,Husarbeid,regel,
Husmoder %arbeidsdygtig%,1,Hustru/husmor,Husarbeid,regel,
Husmoder %Husbestyrerinde%,1,Hustru/husmor,Husarbeid,regel,
Husmoder Fattigunderstøttet,1,Hustru/husmor,Husarbeid,regel,
Husmoder Understøttes af datter,1,Hustru/husmor,Husarbeid,regel,
"Husmoder, Svigermoder",1,Hustru/husmor,Husarbeid,regel,
Husmodergjerning,1,Hustru/husmor,Husarbeid,regel,
Husmoders gjerning,1,Hustru/husmor,Husarbeid,regel,
Husmoders Stel,1,Hustru/husmor,Husarbeid,regel,
Husmor Forsørget af børnene,1,Hustru/husmor,Husarbeid,regel,
Husmor Gårdeierske,1,Hustru/husmor,Husarbeid,regel,
Husmor Husgjern.,1,Hustru/husmor,Husarbeid,regel,
Husmor Hustru,1,Hustru/husmor,Husarbeid,regel,
Husmor Hustrun,1,Hustru/husmor,Husarbeid,regel,
Husmor Lever af sine midler,1,Hustru/husmor,Husarbeid,regel,
Husmor nyder fattighjelp,1,Hustru/husmor,Husarbeid,regel,
Husmor Of. understøttet,1,Hustru/husmor,Husarbeid,regel,
Husmor underholdes af Børnene,1,Hustru/husmor,Husarbeid,regel,
Husmor understøttes af Søn Lidt formue,1,Hustru/husmor,Husarbeid,regel,
Husmor. Gårdeierske,1,Hustru/husmor,Husarbeid,regel,
Husstel & Vask for Fremmende,1,Husgjerning,Husarbeid,regel,
Husstel for Broderen,1,Husgjerning,Husarbeid,regel,
Husstel forsørges af Hf. der i cirka 4 Aar har været i Amerika,1,Husgjerning,Husarbeid,manuell,
Husstel hjemme,1,Husgjerning,Husarbeid,regel,
Husstel intet Erhverv,1,Husgjerning,Husarbeid,regel,
"Husstel opoldes ved midler fra Søn, Datter og Mand",1,Husgjerning,Husarbeid,regel,
Husstel ærnæres af Manden,1,Husgjerning,Husarbeid,regel,
"Husstel, Bærplukning Vask etc",1,Husgjerning,Husarbeid,regel,
"Husstel, Rentenistinde",1,Husgjerning,Husarbeid,regel,
Hustel,1,Husgjerning,Husarbeid,regel,
Hustel Eerverv,1,Husgjerning,Husarbeid,regel,
Hustru - Husgjern.,1,Hustru/husmor,Husarbeid,regel,
Hustru Forsørges af sønnen,1,Hustru/husmor,Husarbeid,manuell,
Hustru Forsørget af søn,1,Hustru/husmor,Husarbeid,regel,
Hustru Hm,1,Hustru/husmor,Husarbeid,regel,
Hustru hm,1,Hustru/husmor,Husarbeid,regel,
Hustru Husgjerning,1,Hustru/husmor,Husarbeid,regel,
Hustru Husmoder %Huslig arbeide%,1,Hustru/husmor,Husarbeid,regel,
Hustru Husstel,1,Hustru/husmor,Husarbeid,regel,
Hustru Omreisende KunstCyklist,1,Hustru/husmor,Husarbeid,regel,
Hustru til ovenn.,1,Hustru/husmor,Husarbeid,regel,
"Hustru, Husgjerning",1,Hustru/husmor,Husarbeid,regel,
"Hustru!!, forestaar Husholdningen for No 1, Broderen, og No 3 Datteren",1,Hustru/husmor,Husarbeid,regel,
Hustrun Husmoder,1,Hustru/husmor,Husarbeid,regel,
I Famelins Jelp,1,Husgjerning,Husarbeid,regel,"fallback-regel, sjekket manuelt"
"Intet Erhverv, Hustru",1,Hustru/husmor,Husarbeid,regel,"fallback-regel, sjekket manuelt"
"Intet erhverv, steller huset for faderen",1,Hustru/husmor,Husarbeid,regel,
Intet Husmoder,1,Hustru/husmor,Husarbeid,regel,
intet Husmoder,1,Hustru/husmor,Husarbeid,regel,
Kun husmor,1,Hustru/husmor,Husarbeid,regel,
læges hustru,1,Hustru/husmor,Husarbeid,regel,"fallback-regel, sjekket manuelt"
Moderen behjælpelig,1,Husgjerning,Husarbeid,regel,"fallback-regel, sjekket manuelt"
nu?? Maanedskondition i husgjerning,1,Husgjerning,Husarbeid,regel,
Oscar Ellefsen's hustru,1,Hustru/husmor,Husarbeid,regel,"fallback-regel, sjekket manuelt"
Rengjøring & vask; husgjerning,1,Husgjerning,Husarbeid,regel,
Sogneprests Hustru,1,Hustru/husmor,Husarbeid,manuell,
Steder sit eget Hus,1,Husgjerning,Husarbeid,regel,"fallback-regel, sjekket manuelt"
Steller huset for no 2 Husgjerning,1,Husgjerning,Husarbeid,regel,
Steller huset for sine børn,1,Hustru/husmor,Husarbeid,regel,
steller Huuset,1,Husgjerning,Husarbeid,regel,"fallback-regel, sjekket manuelt"
stiller Huset for Søn,1,Husgjerning,Husarbeid,regel,"fallback-regel, sjekket manuelt"
Styrer Huset,1,Husgjerning,Husarbeid,regel,
Styrer huset,1,Husgjerning,Husarbeid,regel,
Stæller Huset,1,Husgjerning,Husarbeid,regel,"fallback-regel, sjekket manuelt"
Sysler i Huset,1,Husgjerning,Husarbeid,regel,
Sysselsat med Husgjerning,1,Husgjerning,Husarbeid,regel,
sysselsat med Husgjerning,1,Husgjerning,Husarbeid,regel,
Sysselsat med husgjerninger,1,Husgjerning,Husarbeid,regel,
Til hjelp for familjen,1,Husgjerning,Husarbeid,regel,"fallback-regel, sjekket manuelt"
"Til Nytte, Hygge hjemme",1,Husgjerning,Husarbeid,regel,"fallback-regel, sjekket manuelt"
Tj. Husgjerning,1,Tjenestepige/husholderske,Husarbeid,regel,
tjener Husgjern.,1,Husgjerning,Husarbeid,regel,
Tjenestepige Husgjern.,1,Tjenestepige/husholderske,Husarbeid,regel,
Tjenestepige Husgjærning,1,Tjenestepige/husholderske,Husarbeid,regel,
Tjenestepige i husgjerning,1,Tjenestepige/husholderske,Husarbeid,regel,
Tjenestepige. Husgjerning,1,Tjenestepige/husholderske,Husarbeid,regel,
"Tjenestetyende, Husgjerning",1,Husgjerning,Husarbeid,regel,
"Tuk Nytte, Hygge hjemme",1,Husgjerning,Husarbeid,regel,"fallback-regel, sjekket manuelt"
udfører Huset sel!!,1,Husgjerning,Husarbeid,regel,"fallback-regel, sjekket manuelt"
ved Familien,1,Husgjerning,Husarbeid,regel,"fallback-regel, sjekket manuelt"
%Tjener%,1,Tjener,Huslig tjeneste,regel,"husholderske/husbestyrerinde = lønnet, derfor hit og ikke Husarbeid"
Barnepige hjemme,1,Barnepike,Huslig tjeneste,regel,"husholderske/husbestyrerinde = lønnet, derfor hit og ikke Husarbeid"
Contorrenhold,1,Vaskekone,Huslig tjeneste,manuell,
"Dagarbeiderske, fornemlig Vask og Rengjøring",1,Vaskekone,Huslig tjeneste,regel,"husholderske/husbestyrerinde = lønnet, derfor hit og ikke Husarbeid"
"Dagarbejde, fornemmelig Vask og Rengjøring",1,Vaskekone,Huslig tjeneste,regel,"husholderske/husbestyrerinde = lønnet, derfor hit og ikke Husarbeid"
"Dagarbejderske, Havearbejde Vask osv",1,Vaskekone,Huslig tjeneste,regel,"fallback-regel, sjekket manuelt"
Enkemadame tjenende,1,Tjenestepike/husholderske,Huslig tjeneste,manuell,
Er tjenestepigene tilhjælp i et par huse,1,Tjenestepike/husholderske,Huslig tjeneste,regel,"husholderske/husbestyrerinde = lønnet, derfor hit og ikke Husarbeid"
"Eriksens Mor, Husbestyrerinde for Søn",1,Husbestyrerinne,Huslig tjeneste,regel,"husholderske/husbestyrerinde = lønnet, derfor hit og ikke Husarbeid"
Fhv. husholderske Understøttelse fra sin %forlovede%,1,Forsørges av familie/privat,Forsørget,regel,"husholderske/husbestyrerinde = lønnet, derfor hit og ikke Husarbeid"
Forskjelligt af arbeide Væsentlig Vask,1,Vaskekone,Huslig tjeneste,regel,"fallback-regel, sjekket manuelt"
Frk. Selskabsdame,1,Selskapsdame,Huslig tjeneste,regel,"husholderske/husbestyrerinde = lønnet, derfor hit og ikke Husarbeid"
"Frøken, husbestyrerinde",1,Husbestyrerinne,Huslig tjeneste,manuell,
Gaardgut,1,Gårdsgutt,Huslig tjeneste,regel,"fallback-regel, sjekket manuelt"
Gaardsdreng hos Klein,1,Gårdsgutt,Huslig tjeneste,regel,"husholderske/husbestyrerinde = lønnet, derfor hit og ikke Husarbeid"
gaardsgut,1,Gårdsgutt,Huslig tjeneste,regel,"husholderske/husbestyrerinde = lønnet, derfor hit og ikke Husarbeid"
Gaardsgut (Kjøbmand),1,Gårdsgutt,Huslig tjeneste,manuell,
Gaardsgut h. Kjøbmand,1,Gårdsgutt,Huslig tjeneste,manuell,
Gårdsgut hos %og% handlende,1,Gårdsgutt,Huslig tjeneste,manuell,
Gårdsgut i handelsforening kolonial,1,Gårdsgutt,Huslig tjeneste,manuell,
Gaardskarl h/ Kjøbmand,1,Gårdsgutt,Huslig tjeneste,manuell,
Gaardskarl Hos handelsgartner,1,Gårdsgutt,Huslig tjeneste,manuell,
Hus jomfru,1,Tjenestepike/husholderske,Huslig tjeneste,regel,"fallback-regel, sjekket manuelt"
Husbestyrerinde hos Dahl,1,Husbestyrerinne,Huslig tjeneste,regel,"husholderske/husbestyrerinde = lønnet, derfor hit og ikke Husarbeid"
Husbestyrerinde hos Faderen,1,Husbestyrerinne,Huslig tjeneste,regel,"husholderske/husbestyrerinde = lønnet, derfor hit og ikke Husarbeid"
Husbestyrinde,1,Husbestyrerinne,Huslig tjeneste,regel,"fallback-regel, sjekket manuelt"
Husbestyrrerinde,1,Husbestyrerinne,Huslig tjeneste,regel,"fallback-regel, sjekket manuelt"
Husejer - Portner,1,Portner,Huslig tjeneste,regel,"husholderske/husbestyrerinde = lønnet, derfor hit og ikke Husarbeid"
Huserhverv Tjenestepige,1,Tjenestepike/husholderske,Huslig tjeneste,regel,"husholderske/husbestyrerinde = lønnet, derfor hit og ikke Husarbeid"
Husholder,1,Tjener,Huslig tjeneste,regel,"husholderske/husbestyrerinde = lønnet, derfor hit og ikke Husarbeid"
husholder,1,Tjener,Huslig tjeneste,regel,"husholderske/husbestyrerinde = lønnet, derfor hit og ikke Husarbeid"
Husholdersk,1,Tjenestepike/husholderske,Huslig tjeneste,regel,"fallback-regel, sjekket manuelt"
Husholderske for A. Ahlstrand No 2,1,Tjenestepike/husholderske,Huslig tjeneste,regel,"husholderske/husbestyrerinde = lønnet, derfor hit og ikke Husarbeid"
Husholderske hos O Christensen,1,Tjenestepike/husholderske,Huslig tjeneste,regel,"husholderske/husbestyrerinde = lønnet, derfor hit og ikke Husarbeid"
Husholderske og Kjolesøm,1,Tjenestepike/husholderske,Huslig tjeneste,manuell,
Husholderske Underholdes af børnene,1,Tjenestepike/husholderske,Huslig tjeneste,regel,"husholderske/husbestyrerinde = lønnet, derfor hit og ikke Husarbeid"
Hushollerske,1,Tjenestepike/husholderske,Huslig tjeneste,regel,"fallback-regel, sjekket manuelt"
husjomfru,1,Tjenestepike/husholderske,Huslig tjeneste,regel,"husholderske/husbestyrerinde = lønnet, derfor hit og ikke Husarbeid"
Husjomfru paa Klub,1,Tjenestepike/husholderske,Huslig tjeneste,regel,"husholderske/husbestyrerinde = lønnet, derfor hit og ikke Husarbeid"
Husjæmfru Bestyrerinde,1,Tjenestepike/husholderske,Huslig tjeneste,manuell,
Husolderkse,1,Tjenestepike/husholderske,Huslig tjeneste,regel,"fallback-regel, sjekket manuelt"
Husolersk,1,Tjenestepike/husholderske,Huslig tjeneste,regel,"fallback-regel, sjekket manuelt"
Husolerske,1,Tjenestepike/husholderske,Huslig tjeneste,regel,"fallback-regel, sjekket manuelt"
Ingen Næring %Barnepige%,1,Barnepike,Huslig tjeneste,regel,"husholderske/husbestyrerinde = lønnet, derfor hit og ikke Husarbeid"
intet Barnepige hjemme,1,Barnepike,Huslig tjeneste,regel,"husholderske/husbestyrerinde = lønnet, derfor hit og ikke Husarbeid"
Intet erhverv. Husholderske for sine børn der underholder hende,1,Tjenestepike/husholderske,Huslig tjeneste,regel,"husholderske/husbestyrerinde = lønnet, derfor hit og ikke Husarbeid"
kjennestepige,1,Tjenestepike/husholderske,Huslig tjeneste,regel,"fallback-regel, sjekket manuelt"
Kokepige,1,Kokkepike,Huslig tjeneste,regel,"fallback-regel, sjekket manuelt"
Kokke Tjenestetyende,1,Kokkepike,Huslig tjeneste,regel,"husholderske/husbestyrerinde = lønnet, derfor hit og ikke Husarbeid"
kokkepige,1,Kokkepike,Huslig tjeneste,regel,"husholderske/husbestyrerinde = lønnet, derfor hit og ikke Husarbeid"
kun Tjenestegjerning,1,Tjenestepige/husholderske,Huslig tjeneste,regel,"fallback-regel, sjekket manuelt"
Lidt rengjøring af kontorer,1,Vaskekone,Huslig tjeneste,manuell,
Maneskondition,1,Tjenestepige/husholderske,Huslig tjeneste,regel,"fallback-regel, sjekket manuelt"
Militærvask,1,Vaskekone,Huslig tjeneste,manuell,
Maanedskondition i Byen,1,Tjenestepige/husholderske,Huslig tjeneste,regel,"husholderske/husbestyrerinde = lønnet, derfor hit og ikke Husarbeid"
Maanedspige hos Bjurstrøm??,1,Tjenestepige/husholderske,Huslig tjeneste,regel,"husholderske/husbestyrerinde = lønnet, derfor hit og ikke Husarbeid"
Maanedspige hos Toldk. Brun Ingen særlig Syssel,1,Tjenestepige/husholderske,Huslig tjeneste,manuell,
Maanedsplads,1,Tjenestepige/husholderske,Huslig tjeneste,regel,"fallback-regel, sjekket manuelt"
Månedstjeneste,1,Tjenestepige/husholderske,Huslig tjeneste,regel,"fallback-regel, sjekket manuelt"
Maaneskondisjon,1,Tjenestepige/husholderske,Huslig tjeneste,regel,"fallback-regel, sjekket manuelt"
oppasserske v/ folkeskole,1,Oppasserske,Huslig tjeneste,regel,"husholderske/husbestyrerinde = lønnet, derfor hit og ikke Husarbeid"
opvarterske,1,Kafédame/servitrise,Handel,regel,"husholderske/husbestyrerinde = lønnet, derfor hit og ikke Husarbeid"
Pige Vasker & Syer,1,Tjenestepige/husholderske,Huslig tjeneste,manuell,
Portner,1,Portner,Huslig tjeneste,regel,"husholderske/husbestyrerinde = lønnet, derfor hit og ikke Husarbeid"
"Portnerske, Contorrenhold",1,Portner,Huslig tjeneste,manuell,
rengjøring,1,Vaskekone,Huslig tjeneste,regel,"husholderske/husbestyrerinde = lønnet, derfor hit og ikke Husarbeid"
Rengjøring af 2 kontorer Understøttelse af Anker,1,Vaskekone,Huslig tjeneste,manuell,
Rengjørings kvinde,1,Vaskekone,Huslig tjeneste,regel,"husholderske/husbestyrerinde = lønnet, derfor hit og ikke Husarbeid"
Rengjøringskone,1,Vaskekone,Huslig tjeneste,regel,"husholderske/husbestyrerinde = lønnet, derfor hit og ikke Husarbeid"
Schweitzer,1,Fjøsmester,Jordbruk,manuell,
Skure og Vadskekone,1,Vaskekone,Huslig tjeneste,regel,"husholderske/husbestyrerinde = lønnet, derfor hit og ikke Husarbeid"
Skurekone,1,Vaskekone,Huslig tjeneste,regel,"husholderske/husbestyrerinde = lønnet, derfor hit og ikke Husarbeid"
Skurekone & vaskekone,1,Vaskekone,Huslig tjeneste,regel,"husholderske/husbestyrerinde = lønnet, derfor hit og ikke Husarbeid"
Skurepige,1,Vaskekone,Huslig tjeneste,regel,"fallback-regel, sjekket manuelt"
Stupige Tjenestetyende,1,Tjenestepige/husholderske,Huslig tjeneste,regel,"husholderske/husbestyrerinde = lønnet, derfor hit og ikke Husarbeid"
Thjenespike,1,Tjenestepige/husholderske,Huslig tjeneste,regel,"fallback-regel, sjekket manuelt"
Tj.,1,Tjenestepige/husholderske,Huslig tjeneste,regel,"husholderske/husbestyrerinde = lønnet, derfor hit og ikke Husarbeid"
Tjenepige hos Frk Knap@Knop,1,Tjenestepige/husholderske,Huslig tjeneste,regel,"husholderske/husbestyrerinde = lønnet, derfor hit og ikke Husarbeid"
tjener,1,Tjener,Huslig tjeneste,regel,"husholderske/husbestyrerinde = lønnet, derfor hit og ikke Husarbeid"
Tjener i huset,1,Tjener,Huslig tjeneste,regel,"fallback-regel, sjekket manuelt"
Tjenerpige,1,Tjenestepige/husholderske,Huslig tjeneste,regel,"fallback-regel, sjekket manuelt"
Tjeneste Pige,1,Tjenestepige/husholderske,Huslig tjeneste,regel,"husholderske/husbestyrerinde = lønnet, derfor hit og ikke Husarbeid"
Tjenestepig,1,Tjenestepige/husholderske,Huslig tjeneste,regel,"fallback-regel, sjekket manuelt"
Tjenestepige Barnepige,1,Tjenestepige/husholderske,Huslig tjeneste,regel,"husholderske/husbestyrerinde = lønnet, derfor hit og ikke Husarbeid"
Tjenestepige barnepige,1,Tjenestepige/husholderske,Huslig tjeneste,regel,"husholderske/husbestyrerinde = lønnet, derfor hit og ikke Husarbeid"
Tjenestepige etc. intet fast,1,Tjenestepige/husholderske,Huslig tjeneste,regel,"husholderske/husbestyrerinde = lønnet, derfor hit og ikke Husarbeid"
Tjenestepige hos forskjellige,1,Tjenestepige/husholderske,Huslig tjeneste,regel,"husholderske/husbestyrerinde = lønnet, derfor hit og ikke Husarbeid"
Tjenestepige Husholderske,1,Tjenestepige/husholderske,Huslig tjeneste,regel,"husholderske/husbestyrerinde = lønnet, derfor hit og ikke Husarbeid"
Tjenestepige kokkepige,1,Tjenestepige/husholderske,Huslig tjeneste,regel,"husholderske/husbestyrerinde = lønnet, derfor hit og ikke Husarbeid"
Tjenestepige Maanedskondition,1,Tjenestepige/husholderske,Huslig tjeneste,regel,"husholderske/husbestyrerinde = lønnet, derfor hit og ikke Husarbeid"
Tjenestepige månedspige,1,Tjenestepige/husholderske,Huslig tjeneste,regel,"husholderske/husbestyrerinde = lønnet, derfor hit og ikke Husarbeid"
Tjenestepige Opvartningspige,1,Tjenestepige/husholderske,Huslig tjeneste,regel,"husholderske/husbestyrerinde = lønnet, derfor hit og ikke Husarbeid"
Tjenestepige stuepige,1,Tjenestepige/husholderske,Huslig tjeneste,regel,"husholderske/husbestyrerinde = lønnet, derfor hit og ikke Husarbeid"
"Tjenestepige, stuepige",1,Tjenestepige/husholderske,Huslig tjeneste,regel,"husholderske/husbestyrerinde = lønnet, derfor hit og ikke Husarbeid"
tjenestpige,1,Tjenestepige/husholderske,Huslig tjeneste,regel,"fallback-regel, sjekket manuelt"
Tjennestepige,1,Tjenestepige/husholderske,Huslig tjeneste,manuell,
Tjpige,1,Tjenestepige/husholderske,Huslig tjeneste,regel,"fallback-regel, sjekket manuelt"
Vadsk,1,Vaskekone,Huslig tjeneste,regel,"fallback-regel, sjekket manuelt"
Vadsk og rengjøring,1,Vaskekone,Huslig tjeneste,regel,"husholderske/husbestyrerinde = lønnet, derfor hit og ikke Husarbeid"
vadsk og rengjøring,1,Vaskekone,Huslig tjeneste,regel,"husholderske/husbestyrerinde = lønnet, derfor hit og ikke Husarbeid"
Vadske og Skurekone,1,Vaskekone,Huslig tjeneste,regel,"husholderske/husbestyrerinde = lønnet, derfor hit og ikke Husarbeid"
vadskepige,1,Vaskekone,Huslig tjeneste,regel,"fallback-regel, sjekket manuelt"
Vadskerkone,1,Vaskekone,Huslig tjeneste,regel,"fallback-regel, sjekket manuelt"
Vask,1,Vaskekone,Huslig tjeneste,regel,"fallback-regel, sjekket manuelt"
Vask etc.,1,Vaskekone,Huslig tjeneste,regel,"fallback-regel, sjekket manuelt"
Vask og madlavning,1,Vaskekone,Huslig tjeneste,regel,"husholderske/husbestyrerinde = lønnet, derfor hit og ikke Husarbeid"
Vask og rengjøring,1,Vaskekone,Huslig tjeneste,regel,"husholderske/husbestyrerinde = lønnet, derfor hit og ikke Husarbeid"
Vask og strygeri,1,Vaskekone,Huslig tjeneste,regel,"husholderske/husbestyrerinde = lønnet, derfor hit og ikke Husarbeid"
Vask og strygning,1,Vaskekone,Huslig tjeneste,regel,
Vask. - Lidt penge,1,Vaskekone,Huslig tjeneste,regel,"fallback-regel, sjekket manuelt"
vaske kone,1,Vaskekone,Huslig tjeneste,regel,"fallback-regel, sjekket manuelt"
Vaske Konne,1,Vaskekone,Huslig tjeneste,regel,"fallback-regel, sjekket manuelt"
Vaske og Rengjøring,1,Vaskekone,Huslig tjeneste,regel,"husholderske/husbestyrerinde = lønnet, derfor hit og ikke Husarbeid"
Vaske og Rengjøringskone,1,Vaskekone,Huslig tjeneste,regel,"husholderske/husbestyrerinde = lønnet, derfor hit og ikke Husarbeid"
Vaske Pige,1,Vaskekone,Huslig tjeneste,regel,"husholderske/husbestyrerinde = lønnet, derfor hit og ikke Husarbeid"
Vaske Rengjøring,1,Vaskekone,Huslig tjeneste,regel,"husholderske/husbestyrerinde = lønnet, derfor hit og ikke Husarbeid"
vaskekone,1,Vaskekone,Huslig tjeneste,regel,"husholderske/husbestyrerinde = lønnet, derfor hit og ikke Husarbeid"
Vaskekone Enke,1,Vaskekone,Huslig tjeneste,regel,"husholderske/husbestyrerinde = lønnet, derfor hit og ikke Husarbeid"
Vaskekone mv,1,Vaskekone,Huslig tjeneste,regel,"husholderske/husbestyrerinde = lønnet, derfor hit og ikke Husarbeid"
Vaskekone Rengj. paa st.?,1,Vaskekone,Huslig tjeneste,regel,"husholderske/husbestyrerinde = lønnet, derfor hit og ikke Husarbeid"
"Vaskekone, ol",1,Vaskekone,Huslig tjeneste,regel,"husholderske/husbestyrerinde = lønnet, derfor hit og ikke Husarbeid"
Vaskepige,1,Vaskekone,Huslig tjeneste,regel,"husholderske/husbestyrerinde = lønnet, derfor hit og ikke Husarbeid"
Vasker for Fremmede,1,Vaskekone,Huslig tjeneste,regel,"fallback-regel, sjekket manuelt"
Vasker og skurer,1,Vaskekone,Huslig tjeneste,regel,"fallback-regel, sjekket manuelt"
Vasker-Kone,1,Vaskekone,Huslig tjeneste,regel,"fallback-regel, sjekket manuelt"
Vaskning Løsarbeiderske,1,Vaskekone,Huslig tjeneste,regel,"husholderske/husbestyrerinde = lønnet, derfor hit og ikke Husarbeid"
Waskekone,1,Vaskekone,Huslig tjeneste,regel,"fallback-regel, sjekket manuelt"
Waskning,1,Vaskekone,Huslig tjeneste,regel,"fallback-regel, sjekket manuelt"
Wisegut,1,Visergutt,Handel,regel,"fallback-regel, sjekket manuelt"
Barber egen,1,Barberer,Håndverk,regel,lærling uten fag: antatt håndverk
Barber egen Forretning,1,Barberer,Håndverk,regel,lærling uten fag: antatt håndverk
Barberlærling hos Vagenknegt,1,Barbererlærling,Håndverk,regel,lærling uten fag: antatt håndverk
Barbermester egen Forretn.,1,Barberermester,Håndverk,regel,lærling uten fag: antatt håndverk
Barbersvend,1,Barberersvenn,Håndverk,regel,lærling uten fag: antatt håndverk
Barn tildels Rebslagerlærling,1,Repslagerlærling,Håndverk,regel,lærling uten fag: antatt håndverk
Behjælpelig i Smedjen,1,Smedlærling,Håndverk,regel,"markør = biljardmarkør, håndverk-ish; tvil"
Beslagssmedsvend,1,Smedsvenn,Håndverk,regel,lærling uten fag: antatt håndverk
Blikenslager lærling,1,Blikkenslagerlærling,Håndverk,regel,"markør = biljardmarkør, håndverk-ish; tvil"
BlikenslagerMester,1,Blikkenslagermester,Håndverk,regel,"markør = biljardmarkør, håndverk-ish; tvil"
Blikenslagersvend,1,Blikkenslagersvenn,Håndverk,regel,"markør = biljardmarkør, håndverk-ish; tvil"
blikenslagersvend,1,Blikkenslagersvenn,Håndverk,regel,"markør = biljardmarkør, håndverk-ish; tvil"
Blikkenslager,1,Blikkenslager,Håndverk,regel,lærling uten fag: antatt håndverk
blikkenslagermester,1,Blikkenslagermester,Håndverk,regel,lærling uten fag: antatt håndverk
blikkenslagersvend,1,Blikkenslagersvenn,Håndverk,regel,lærling uten fag: antatt håndverk
Blokmager og Dreier,1,Blokkmaker og dreier,Håndverk,regel,lærling uten fag: antatt håndverk
Bogbinder - Lærling,1,Bokbinderlærling,Håndverk,regel,lærling uten fag: antatt håndverk
Bogbinder Sven,1,Bokbindersvenn,Håndverk,regel,lærling uten fag: antatt håndverk
Bogbinder. Bestyrer af bogbinderi,1,Bokbinderbestyrer,Håndverk,regel,lærling uten fag: antatt håndverk
Bogbinderlerling,1,Bokbinderlærling,Håndverk,regel,lærling uten fag: antatt håndverk
Bogbindersvend hos Sem,1,Bokbindersvenn,Håndverk,regel,lærling uten fag: antatt håndverk
bogebinder,1,Bokbinder,Håndverk,regel,"markør = biljardmarkør, håndverk-ish; tvil"
Bogtrykker,1,Boktrykker,Håndverk,regel,lærling uten fag: antatt håndverk
"Bogtrykker, Redaktør",1,Boktrykker,Håndverk,regel,lærling uten fag: antatt håndverk
Bogtrykkerlærling,1,Boktrykkerlærling,Håndverk,regel,lærling uten fag: antatt håndverk
Bundtmagermes. & Handelsborger,1,Buntmakermester,Tekstil og søm,manuell,
Bundtmagerske,1,Buntmaker,Tekstil og søm,regel,lærling uten fag: antatt håndverk
Bygn-Snedkerarbeider,1,Bygningstømrer/-snekker,Bygg og anlegg,regel,lærling uten fag: antatt håndverk
Bødker egen förrätning,1,Bøkker,Håndverk,regel,lærling uten fag: antatt håndverk
Bøkker,1,Bøkker,Håndverk,regel,"markør = biljardmarkør, håndverk-ish; tvil"
Bøssemagersvænd,1,Bøssemakersvenn,Håndverk,manuell,
Datter Delvis på bogtrykkeri,1,Boktrykkerlærling,Håndverk,regel,lærling uten fag: antatt håndverk
Dreier f eg. regn.,1,Dreier,Håndverk,regel,lærling uten fag: antatt håndverk
Dreiersvend,1,Dreiersvenn,Håndverk,regel,lærling uten fag: antatt håndverk
Factor,1,Trykkeribestyrer,Håndverk,manuell,
Faktor,1,Trykkeribestyrer,Håndverk,manuell,
Faktor ved Trykkeri,1,Trykkeribestyrer,Håndverk,manuell,
Falsejomfru ved trykkeri,1,Bokbinder,Håndverk,manuell,
Farver egen forretning,1,Farver,Tekstil og søm,regel,lærling uten fag: antatt håndverk
Farvermester,1,Farvermester,Tekstil og søm,regel,lærling uten fag: antatt håndverk
Farversvend,1,Farversvenn,Tekstil og søm,regel,lærling uten fag: antatt håndverk
Feierinspektør,1,Feierinspektør,Håndverk,regel,"markør = biljardmarkør, håndverk-ish; tvil"
Feiermester og gaardeier,1,Feiermester,Håndverk,regel,lærling uten fag: antatt håndverk
feiersvend,1,Feiersvenn,Håndverk,regel,"markør = biljardmarkør, håndverk-ish; tvil"
Feiersvend Skorstensfeining,1,Feiersvenn,Håndverk,regel,"markør = biljardmarkør, håndverk-ish; tvil"
Fhv. skomagerarb.,1,Forsørget,Forsørget,regel,lærling uten fag: antatt håndverk
Former ved Jernbrug,1,Støperiformer,Industri,regel,"markør = biljardmarkør, håndverk-ish; tvil"
Formerlerling,1,Støperilærling,Industri,regel,"markør = biljardmarkør, håndverk-ish; tvil"
Formerlerling ved Chatrineholm,1,Støperilærling,Industri,regel,"markør = biljardmarkør, håndverk-ish; tvil"
Formerlærling,1,Støperilærling,Industri,regel,"markør = biljardmarkør, håndverk-ish; tvil"
fors. Sopelimmer,1,Håndgjerning fattigunderstøttelse,Forsørget,manuell,sopelimebinder
frh. Hattemager Huseier,1,Huseier/gårdeier,Forsørget,regel,lærling uten fag: antatt håndverk
Garverarbeider,1,Garveriarbeider,Håndverk,regel,lærling uten fag: antatt håndverk
Garvermester og Læderhandler,1,Garvermester,Håndverk,regel,lærling uten fag: antatt håndverk
Gjørtler,1,Gjørtler,Håndverk,regel,lærling uten fag: antatt håndverk
Gjørtler hos Bjurstrøm,1,Gjørtler,Håndverk,regel,lærling uten fag: antatt håndverk
Guldsmed Lærling,1,Gullsmedlærling,Håndverk,regel,lærling uten fag: antatt håndverk
Guldsmedforretning,1,Gullsmed,Håndverk,regel,lærling uten fag: antatt håndverk
Gaardeier og Hjulmagersvend,1,Hjulmakersvenn,Håndverk,regel,lærling uten fag: antatt håndverk
Handel Garver & Læderhandler,1,Lærhandler,Handel,regel,lærling uten fag: antatt håndverk
Hattemagermester,1,Hattemakermester,Håndverk,regel,lærling uten fag: antatt håndverk
Hjulmager,1,Hjulmaker,Håndverk,regel,lærling uten fag: antatt håndverk
Hjulmagerlærling,1,Hjulmakerlærling,Håndverk,regel,lærling uten fag: antatt håndverk
"Hustru, bundtmagerarbeiderske",1,Buntmaker,Tekstil og søm,manuell,yrket vinner over familiestilling
Jerndreier ved Chatrineholm,1,Jerndreier,Industri,regel,lærling uten fag: antatt håndverk
Kjettingsmed,1,Smed (industri),Industri,regel,"markør = biljardmarkør, håndverk-ish; tvil"
Kjættingsmed ved Katrineholm,1,Smed (industri),Industri,regel,"markør = biljardmarkør, håndverk-ish; tvil"
Klir??smed ved Kathrineholm,1,Smed (industri),Industri,regel,"markør = biljardmarkør, håndverk-ish; tvil"
Kobber og Blikkenslager,1,Blikkenslager,Håndverk,regel,lærling uten fag: antatt håndverk
Kobberslagersvend,1,Blikkenslagersvenn,Håndverk,regel,"markør = biljardmarkør, håndverk-ish; tvil"
Korporal og Skomager,1,Korporal,Militær,regel,lærling uten fag: antatt håndverk
Kurvmager,1,Kurvmaker,Håndverk,regel,lærling uten fag: antatt håndverk
Kurvmagersvend,1,Kurvmakesvenn,Håndverk,regel,lærling uten fag: antatt håndverk
Lering i Maling,1,Malerlærling,Bygg og anlegg,regel,"markør = biljardmarkør, håndverk-ish; tvil"
Læring,1,Lærling,Håndverk,regel,"markør = biljardmarkør, håndverk-ish; tvil"
Manden mekanikker i Frsstad,1,Hustru/husmor,Husarbeid,manuell,
Marmordreier,1,Marmordreier,Håndverk,regel,lærling uten fag: antatt håndverk
Maskinrepratørlærling,1,Mekanikerlærling,Industri,regel,"markør = biljardmarkør, håndverk-ish; tvil"
mekaniker hjemme,1,Mekaniker,Industri,regel,lærling uten fag: antatt håndverk
Mekanisk Lerling,1,Mekanikerlærling,Industri,manuell,
Modelsnedker,1,Modellsnekker,Håndverk,regel,lærling uten fag: antatt håndverk
Modepynt Læring,1,Modistlærling,Tekstil og søm,regel,"markør = biljardmarkør, håndverk-ish; tvil"
Møbel-Snedkerarbeider hos Mester,1,Møbelsnekker,Håndverk,regel,lærling uten fag: antatt håndverk
Møbelsknedkersvend %Snedkersvend%,1,Møbelsnekkersvenn,Håndverk,regel,lærling uten fag: antatt håndverk
Møbelsnedker f. eg. regn.,1,Møbelsnekkermester,Håndverk,regel,lærling uten fag: antatt håndverk
Møbelsnedker for egen Regning,1,Møbelsnekkermester,Håndverk,regel,lærling uten fag: antatt håndverk
Møbl Sneekersvend,1,Møbelsnekkersvenn,Håndverk,regel,"markør = biljardmarkør, håndverk-ish; tvil"
Pensionist Skomager for egen Regning,1,Pensjonist,Forsørget,regel,lærling uten fag: antatt håndverk
Pudser,1,Pusser,Industri,regel,"markør = biljardmarkør, håndverk-ish; tvil"
Rebeslager,1,Repslager,Håndverk,regel,"markør = biljardmarkør, håndverk-ish; tvil"
Rebslagerlærling,1,Repslagerlærling,Håndverk,regel,lærling uten fag: antatt håndverk
Rebslagersvend i en andens Tjeneste,1,Repslagersvenn,Håndverk,regel,lærling uten fag: antatt håndverk
S Smedlærling,1,Smedlærling,Håndverk,regel,lærling uten fag: antatt håndverk
SaddelmagerSvend,1,Sadelmakersvenn,Håndverk,regel,"markør = biljardmarkør, håndverk-ish; tvil"
Sadelmager,1,Sadelmaker,Håndverk,regel,lærling uten fag: antatt håndverk
Sadelmagersvend,1,Sadelmakersvenn,Håndverk,regel,lærling uten fag: antatt håndverk
Salmager,1,Sadelmaker,Håndverk,regel,lærling uten fag: antatt håndverk
Salmager Læring,1,Sadelmakerlærling,Håndverk,regel,lærling uten fag: antatt håndverk
"Seilmager, eg. forretn",1,Seilmakermester,Sjøfart,regel,lærling uten fag: antatt håndverk
Seterske ved Fredrikstens Trykeri,1,Typograf,Håndverk,regel,"markør = biljardmarkør, håndverk-ish; tvil"
Skjærsliber,1,Skjærslíper,Håndverk,regel,"markør = biljardmarkør, håndverk-ish; tvil"
skofliker Skomager i Hjemmet,1,Skomaker,Håndverk,regel,lærling uten fag: antatt håndverk
Skogsfrmd Snedker,1,Skogsformann,Treindustri,regel,lærling uten fag: antatt håndverk
Skomager & Læderhandler,1,Skomaker,Håndverk,regel,lærling uten fag: antatt håndverk
Skomager & Oppasser paa Interneringslokalet,1,Oppasser på Interneringslokalet,Offentlig tjeneste,regel,lærling uten fag: antatt håndverk
Skomager Arbeider,1,Skomaker på fabrikk,Industri,regel,lærling uten fag: antatt håndverk
Skomager arbeider,1,Skomaker på fabrikk,Industri,regel,lærling uten fag: antatt håndverk
Skomager egen forretning,1,Skomakermester,Håndverk,regel,lærling uten fag: antatt håndverk
Skomager i en andens Tjeneste,1,Skomaker,Håndverk,regel,lærling uten fag: antatt håndverk
Skomager i Hjemmet,1,Skomaker,Håndverk,regel,lærling uten fag: antatt håndverk
Skomager Lerling,1,Skomakerlærling,Håndverk,regel,lærling uten fag: antatt håndverk
Skomager Mæster,1,Skomakermester,Håndverk,regel,lærling uten fag: antatt håndverk
Skomager og Udsalg af Skotøi,1,Skomaker,Håndverk,regel,lærling uten fag: antatt håndverk
Skomager Tilskjærer hos Halvorsen,1,Skomaker,Håndverk,regel,lærling uten fag: antatt håndverk
Skomager. Driver for egen regning,1,Skomakermester,Håndverk,regel,lærling uten fag: antatt håndverk
Skomagerarbeider i Hjemmet,1,Skomaker,Håndverk,regel,lærling uten fag: antatt håndverk
Skomagerforretning (mindre),1,Skomaker,Håndverk,regel,lærling uten fag: antatt håndverk
Skomagermester Handelsmand,1,Skomakermester,Håndverk,regel,lærling uten fag: antatt håndverk
skomagersvend,1,Skomakersvenn,Håndverk,regel,lærling uten fag: antatt håndverk
Skomagersvend %Arbejdar%,1,Skomakersvenn på fabrikk,Håndverk,regel,lærling uten fag: antatt håndverk
Skomagersvend hos kjøbmand Olaf Eliasen,1,Skomakersvenn,Håndverk,regel,lærling uten fag: antatt håndverk
Skomagmester,1,Skomakermester,Håndverk,regel,"markør = biljardmarkør, håndverk-ish; tvil"
Skomakere egen regn,1,Skomakermester,Håndverk,regel,lærling uten fag: antatt håndverk
Skræder,1,Skredder,Tekstil og søm,regel,"markør = biljardmarkør, håndverk-ish; tvil"
Smed for egen regning,1,Smedmester,Håndverk,regel,lærling uten fag: antatt håndverk
Smedarbejder,1,Smedlærling,Håndverk,regel,lærling uten fag: antatt håndverk
Smedelærling,1,Smedlærling,Håndverk,regel,lærling uten fag: antatt håndverk
Smedemester egen Regning,1,Smedmester,Håndverk,regel,lærling uten fag: antatt håndverk
Smedesvend,1,Smedsvenn,Håndverk,regel,lærling uten fag: antatt håndverk
Smedgut,1,Smedlærling,Håndverk,regel,lærling uten fag: antatt håndverk
Smedlering,1,Smedlærling,Håndverk,regel,lærling uten fag: antatt håndverk
smedlærling,1,Smedlærling,Håndverk,regel,lærling uten fag: antatt håndverk
Smedlærling hos Weiling,1,Smedlærling,Håndverk,regel,lærling uten fag: antatt håndverk
Smedmester & Rørlægg.,1,Smedmester,Håndverk,regel,lærling uten fag: antatt håndverk
Smedsvend ved Smedje & Rørlæggerværksted,1,Smedsvenn,Håndverk,manuell,
Snedker & Husejer,1,Snekker,Håndverk,regel,lærling uten fag: antatt håndverk
Snedker arbeider,1,Snekker,Håndverk,regel,lærling uten fag: antatt håndverk
Snedker for Fr.halds Kommune,1,Snekker,Håndverk,regel,lærling uten fag: antatt håndverk
Snedker Gaardeier,1,Snekker,Håndverk,regel,lærling uten fag: antatt håndverk
Snedker og Portner,1,Snekker,Håndverk,regel,lærling uten fag: antatt håndverk
Snedkerarbeider forskjellige Steder,1,Snekker,Håndverk,regel,lærling uten fag: antatt håndverk
Snedkerforretning (Møbelforretning) Gaardeier,1,Snekker,Håndverk,regel,lærling uten fag: antatt håndverk
Snedkerlerling,1,Snekkerlærling,Håndverk,regel,lærling uten fag: antatt håndverk
Snedkerlærling hos Vestberg,1,Snekkerlærling,Håndverk,regel,lærling uten fag: antatt håndverk
Snedkermester og Dreier,1,Snekkermester,Håndverk,regel,lærling uten fag: antatt håndverk
Snedkermester og Huseier,1,Snekkermester,Håndverk,regel,lærling uten fag: antatt håndverk
snedkersvend,1,Snekkersvenn,Håndverk,regel,lærling uten fag: antatt håndverk
Snedkersvend hos Boman,1,Snekkersvenn,Håndverk,regel,lærling uten fag: antatt håndverk
Snedkkerform Snedkerarbeder,1,Snekker,Håndverk,regel,lærling uten fag: antatt håndverk
Snedkmester,1,Snekkermester,Håndverk,regel,"markør = biljardmarkør, håndverk-ish; tvil"
Sneker,1,Snekker,Håndverk,regel,"markør = biljardmarkør, håndverk-ish; tvil"
Snekker,1,Snekker,Håndverk,regel,"markør = biljardmarkør, håndverk-ish; tvil"
Snickare læring,1,Snekkerlærling,Håndverk,regel,"markør = biljardmarkør, håndverk-ish; tvil"
Snæker,1,Snekker,Håndverk,regel,"markør = biljardmarkør, håndverk-ish; tvil"
Steddatter Sætterske,1,Typograf,Håndverk,regel,lærling uten fag: antatt håndverk
Sætterske hos Sem,1,Typograf,Håndverk,regel,lærling uten fag: antatt håndverk
søn Kjettingsmed,1,Smed (industri),Industri,regel,"markør = biljardmarkør, håndverk-ish; tvil"
Tapetser-arbeider hos Mester,1,Tapetser,Håndverk,manuell,
Typograf ansat i Smaal. Amtstidene,1,Typograf,Håndverk,regel,lærling uten fag: antatt håndverk
Typograf i Tilskueren,1,Typograf,Håndverk,regel,lærling uten fag: antatt håndverk
Typograf ved Avistrykkeri,1,Typograf,Håndverk,regel,lærling uten fag: antatt håndverk
"Typografistinde, assidentstrykker",1,Typograf,Håndverk,regel,lærling uten fag: antatt håndverk
Typograflerling,1,Typograf,Håndverk,regel,lærling uten fag: antatt håndverk
Typoraph,1,Typograf,Håndverk,regel,"markør = biljardmarkør, håndverk-ish; tvil"
Tøfelmakare egen regn,1,Tøffelmakermester,Håndverk,regel,"markør = biljardmarkør, håndverk-ish; tvil"
Uhrm. forretning,1,Urmakermedarbeider,Håndverk,manuell,
Uhrmager mester,1,Urmakermester,Håndverk,regel,lærling uten fag: antatt håndverk
Uhrmagerlærling,1,Urmakerlærling,Håndverk,regel,lærling uten fag: antatt håndverk
Urmagersvend,1,Urmakersvenn,Håndverk,regel,lærling uten fag: antatt håndverk
Vognlakerer for egen regn,1,Vognlakkerermester,Håndverk,manuell,
Vognlakerer Vogntrækker,1,Vognlakkerer,Håndverk,manuell,
arb Gardinfabriken,1,Gardinfabrikkarbeider,Industri,regel,
arb paa Fyrstikfabrikken,1,Fyrstikkfabrikkarbeider,Industri,regel,
Arb. paa det Ankerske arbeidshus,1,Arbeidshus,Forsørget,regel,arbeidshuset (det ankerske) regnet som produksjon
Arb. paa Gardinfabrik,1,Gardinfabrikkarbeider,Industri,regel,
arb. på Gardinfabrikken,1,Gardinfabrikkarbeider,Industri,regel,
Arb. paa Kuffertfab.,1,Reiseeffektarbeider,Industri,regel,
Arb. på skofabrik,1,Skofabriksarbeider,Industri,regel,
Arbeder paa Skofabriken,1,Skofabriksarbeider,Industri,regel,
Arbeide paa Gardinfabrikken,1,Gardinfabrikkarbeider,Industri,regel,
Arbeider bomuldspinderi,1,Spinneriarbeider,Industri,regel,
Arbeider for det Ankerske Arbeidshus,1,Arbeidshus,Forsørget,regel,arbeidshuset (det ankerske) regnet som produksjon
arbeider for spindhus,1,Arbeidshus,Forsørget,regel,
Arbeider i Jernvalsverk,1,Jernverksarbeider,Industri,regel,
Arbeider i skofabrikken,1,Skofabriksarbeider,Industri,regel,
Arbeider p. Gardinfabr,1,Gardinfabrikkarbeider,Industri,regel,
Arbeider paa Fyrstikfabrikken Sliper Fabrikarbeider,1,Fyrstikkfabrikkarbeider,Industri,regel,
Arbeider paa gardin fabriken,1,Gardinfabrikkarbeider,Industri,regel,
Arbeider paa gardinfabrik,1,Gardinfabrikkarbeider,Industri,regel,
Arbeider på gardinfabriken,1,Gardinfabrikkarbeider,Industri,regel,
Arbeider paa gardinfabriken,1,Gardinfabrikkarbeider,Industri,regel,
arbeider på Gardinfabrikken,1,Gardinfabrikkarbeider,Industri,regel,
arbeider paa Gardinfabrikken,1,Gardinfabrikkarbeider,Industri,regel,
Arbeider paa Kabefabrik,1,Kåpefabrikkarbeider,Industri,regel,
Arbeider paa Koffert Fabriken,1,Reiseeffektarbeider,Industri,regel,
Arbeider på Kuffertfabrik,1,Reiseeffektarbeider,Industri,regel,
Arbeider paa Kaabefabrik,1,Reiseeffektarbeider,Industri,regel,
Arbeider på legetøifabrik,1,Leketøyfabrikkarbeider,Industri,regel,
Arbeider paa Skofabrik,1,Skofabriksarbeider,Industri,regel,
arbeider paa Skofabrik,1,Skofabriksarbeider,Industri,regel,
Arbeider paa Skofabriken,1,Skofabriksarbeider,Industri,regel,
arbeider paa Skofabrikken,1,Skofabriksarbeider,Industri,regel,
Arbeider paa Skomagerfabrik,1,Skofabriksarbeider,Industri,regel,
Arbeider på tændstikfabrikken,1,Fyrstikkfabrikkarbeider,Industri,regel,
Arbeider på tænstikfabrik,1,Fyrstikkfabrikkarbeider,Industri,regel,
Arbeider ved Electrecitetværket,1,Everkverksarbeider,Industri,regel,arbeidshuset (det ankerske) regnet som produksjon
Arbeider ved Elektricitetverke,1,Everkverksarbeider,Industri,regel,
Arbeider ved Gardinfabrik,1,Gardinfabrikkarbeider,Industri,regel,
Arbeider ved Gardinfabrikken,1,Gardinfabrikkarbeider,Industri,regel,
Arbeider ved Koffert-Fabrik,1,Reiseeffektarbeider,Industri,regel,
Arbeider ved Norsk Gardinfab,1,Gardinfabrikkarbeider,Industri,regel,arbeidshuset (det ankerske) regnet som produksjon
Arbeider ved Sebefabrik,1,Såpefabrikkarbeider,Industri,regel,
Arbeider vid Smørf,1,Margarinfabrikkarbeider,Industri,regel,
Arbeider. Tændstikfab.,1,Fyrstikkfabrikkarbeider,Industri,regel,
Arbeider. Tændstikfabrik,1,Fyrstikkfabrikkarbeider,Industri,regel,
Arbeiderske fyrstikf.,1,Fyrstikkfabrikkarbeider,Industri,regel,
Arbeiderske Fyrstikfabr.,1,Fyrstikkfabrikkarbeider,Industri,regel,
Arbeiderske fyrstikfabr.,1,Gardinfabrikkarbeider,Industri,regel,
Arbeiderske på Gardinfabrikken,1,Gardinfabrikkarbeider,Industri,regel,
Arbeiderske paa Haldens tændstikf.,1,Fyrstikkfabrikkarbeider,Industri,regel,
Arbeiderske paa luefabriken,1,Luefabrikkarbeider,Industri,regel,
Arbeiderske paa Skofabrik,1,Skofabriksarbeider,Industri,regel,
Arbeiderske ved koffertfabrikken,1,Reiseeffektarbeider,Industri,regel,
Arbeiderske ved Kuffertfabrik,1,Reiseeffektarbeider,Industri,regel,
Arbeiderske ved luefabrikken,1,Luefabrikkarbeider,Industri,regel,
"Arbeiderske, Skofabrik",1,Skofabriksarbeider,Industri,regel,
Arbeidsformand ved Jernverk,1,Arbeidsformann,Industri,regel,
Arbejder ved fyrstikfabrik,1,Fyrstikkfabrikkarbeider,Industri,regel,
Arbejderske ved Norsk gardinfabrik,1,Gardinfabrikkarbeider,Industri,regel,
Bestyrer paa skofabrik,1,Skofabrikkbestyrer,Industri,regel,
Bestyrerinde Gardinfabrikken,1,Gardinfabrikkbestyrer,Industri,regel,
Bestyrerinde paa Gardin Fabrikken,1,Gardinfabrikkbestyrer,Industri,regel,
Bestyrerinde ved kaabefabrik,1,Kåpefabrikkbestyrer,Industri,regel,
Bestyrerinde ved luefabrik,1,Luefabrikkbestyrer,Industri,regel,
Betjent Cathrineh. Jernværk,1,Verksbetjent,Industri,regel,
Bikubbinder Arb arbeidshuset,1,Arbeidshus,Forsørget,regel,arbeidshuset (det ankerske) regnet som produksjon
Binderske,1,Binderske,Industri,regel,arbeidshuset (det ankerske) regnet som produksjon
Bleker Gardinfabrikarbeider,1,Gardinfabrikkarbeider,Industri,regel,
Brusarbeider,1,Brusarbeider,Industri,regel,
Brusfabrik Lærling,1,Bruslærling,Industri,regel,
Bødker ved Smørfabrik,1,Bøkker (industri),Industri,regel,
D Nottler paa Skofabrik,1,Notler/notlerske,Industri,regel,
Dagarbeider på Karbit Sarspborg,1,Dagarbeider,Dagarbeid,manuell,
Dagarbeider ved Chatrineholm Jernværk,1,Dagarbeider,Dagarbeid,regel,
Dagarbeider ved jernverk,1,Dagarbeider,Dagarbeid,regel,
Dagarbeider ved Katrineholms Jernværk,1,Dagarbeider,Dagarbeid,regel,
Dagarberder ved Jernverk,1,Dagarbeider,Dagarbeid,regel,
Dynamomester,1,Dynamomester,Industri,regel,arbeidshuset (det ankerske) regnet som produksjon
Elektrik arbeider,1,Elektriker,Industri,regel,
Elektrikarbeider,1,Elektriker,Industri,regel,
Elektriker ved elektisitetsværk,1,Elektriker,Industri,regel,
Elektrikker,1,Elektriker,Industri,regel,
Elektrikker Frd.hald Elektricitetsverk,1,Elektriker,Industri,regel,
Elektrisk maskinpasser ved Elekt. værk,1,Maskinpasser,Industri,regel,arbeidshuset (det ankerske) regnet som produksjon
Elektriskarbeider ved elektricitetsværk,1,Elektriker,Industri,regel,
Elektrotekniker,1,Elektrotekniker,Industri,regel,arbeidshuset (det ankerske) regnet som produksjon
fabrek pige Gardinfabrikken,1,Gardinfabrikkarbeider,Industri,regel,
fabrek pige paa Gardinfabrikken,1,Gardinfabrikkarbeider,Industri,regel,
Fabrikarbeider Fyrstikfabr hersteds,1,Fyrstikkfabrikkarbeider,Industri,regel,
Fabrikarbeider Fyrstikfabrik,1,Fyrstikkfabrikkarbeider,Industri,regel,
Fabrikarbeider Halvorsens Skofabrik,1,Skofabrikkarbeider,Industri,regel,
Fabrikarbeider Kaabefabrik hos Jens Hofgaard,1,Kåpefabrikkarbeider,Industri,regel,
Fabrikarbeider paa Gardinfabrikken,1,Gardinfabrikkarbeider,Industri,regel,
Fabrikarbeider paa Haldens Skotøifabrik,1,Skofabrikkarbeider,Industri,regel,
Fabrikarbeiderske Kufertfabrikken,1,Fyrstikkfabrikkarbeider,Industri,regel,
Fabrikarbeiderske paa Fyrstikfabrikken,1,Fyrstikkfabrikkarbeider,Industri,regel,
Fabrikeier,1,Fabrikkeier,Industri,regel,
Fabrikmester i Skotøifabrik,1,Fabrikkmester,Industri,regel,
Fabriks arbeider,1,Fabrikkarbeider,Industri,regel,
Fabriks Arbeidersk,1,Fabrikkarbeider,Industri,regel,
Fabriksarbejderske,1,Fabrikkarbeider,Industri,regel,
Fagbrik Arbeider,1,Fabrikkarbeider,Industri,regel,arbeidshuset (det ankerske) regnet som produksjon
Fh. Skiper Skomager ved Skofabriken,1,Skofabrikkarbeider,Industri,regel,
filer ved Kathrineholms Jernverk,1,Filer/filhugger,Industri,regel,
Filer ved Kattrineholms Jernverk,1,Filer/filhugger,Industri,regel,
Filer. Mekanisk,1,Filer/filhugger,Industri,regel,arbeidshuset (det ankerske) regnet som produksjon
Flaskehylster fabrikarbske,1,Flaskehylsterarbeider,Industri,regel,
Forman Paa skofabrik,1,Fabrikkformann,Industri,regel,
Formand i Skofabrik,1,Fabrikkformann,Industri,regel,
Formand paa Gasværket,1,Fabrikkformann,Industri,regel,
Formand paa Skotøifabrik,1,Fabrikkformann,Industri,regel,
Formand ved Actieselskabet Gahms Kuffertfabrik hersteds,1,Fabrikkformann,Industri,regel,
Formand ved Borregaard fabrik,1,Fabrikkformann,Industri,regel,
Formand ved Skofabrik,1,Fabrikkformann,Industri,regel,
Former ved Chatrineholm Jernverk,1,Støperiformer,Industri,regel,
Former ved Jernverkket,1,Støperiformer,Industri,regel,
Fyrbytter Støberi,1,Fyrbøter,Industri,regel,
fyrer paa Jernverkkets Contor,1,Fyrbøter,Industri,regel,
Fyrstik arbeider,1,Fyrstikkfabrikkarbeider,Industri,regel,
fyrstik arbeiderske,1,Fyrstikkfabrikkarbeider,Industri,regel,
Fyrstik-Arbeiderske,1,Fyrstikkfabrikkarbeider,Industri,regel,
Fyrstikarbejder,1,Fyrstikkfabrikkarbeider,Industri,regel,
Fyrstikarbejder. - 'Haldens Tændstikfabrik',1,Fyrstikkfabrikkarbeider,Industri,regel,
Fyrstikarbejderske,1,Fyrstikkfabrikkarbeider,Industri,regel,
fyrstikfabrik arbeider,1,Fyrstikkfabrikkarbeider,Industri,regel,
fyrstikfabrikarbeiderske,1,Fyrstikkfabrikkarbeider,Industri,regel,
Fyrstikfabrikarbejder,1,Fyrstikkfabrikkarbeider,Industri,regel,
fyrstikfbr. arbeiderske,1,Fyrstikkfabrikkarbeider,Industri,regel,
Fyrstikks Arbeider paa Fyrstikfabrikken,1,Fyrstikkfabrikkarbeider,Industri,regel,
Gardinarbeiderske,1,Gardinfabrikkarbeider,Industri,regel,arbeidshuset (det ankerske) regnet som produksjon
Gardinfabrik arbeider,1,Gardinfabrikkarbeider,Industri,regel,
gardinfabrik arbeiderske,1,Gardinfabrikkarbeider,Industri,regel,
"Gardinfabrik, Fabriksarbeider",1,Gardinfabrikkarbeider,Industri,regel,
Gardinfabriken,1,Gardinfabrikkarbeider,Industri,regel,
Gardinfabrikken,1,Gardinfabrikkarbeider,Industri,regel,
Gardinfabriksarbeider,1,Gardinfabrikkarbeider,Industri,regel,
Gardins arbeider,1,Gardinfabrikkarbeider,Industri,regel,arbeidshuset (det ankerske) regnet som produksjon
Gardinväfvare,1,Veveriarbeider,Industri,regel,arbeidshuset (det ankerske) regnet som produksjon
Gardinvæver Gardinfabrikarbeider,1,Veveriarbeider,Industri,regel,
Garnpakker Bomuldspinderi,1,Spinneriarbeider,Industri,regel,
Haldes Skofabrik,1,Skofabrikkarbeider,Industri,regel,
har senest arb på Gardinfabrikken,1,Gardinfabrikkarbeider,Industri,regel,
Hustru fyrstikfbr arbeiderske,1,Fyrstikkfabrikkarbeider,Industri,manuell,yrket vinner over familiestilling
Jernsyner,1,Kvalitetskontrollør,Industri,regel,arbeidshuset (det ankerske) regnet som produksjon
Jernverks arbeider,1,Jernverksarbeider,Industri,regel,
Jernverksarbejder,1,Jernverksarbeider,Industri,regel,
Jernværks arbeider,1,Jernverksarbeider,Industri,regel,
Kjettingsmed ved Kattrineholms Jernverk,1,Smed (industri),Industri,regel,
Kjettingsmedformand,1,Smedformann,Industri,manuell,
Kjettingsnd v Jernværk,1,Smed (industri),Industri,regel,
Klisterske ved Skofabrik,1,Skofabrikkarbeider,Industri,regel,
Koffertsarbeidarer,1,Reiseeffektarbeider,Industri,regel,arbeidshuset (det ankerske) regnet som produksjon
Kofortarbeider,1,Reiseeffektarbeider,Industri,regel,arbeidshuset (det ankerske) regnet som produksjon
Krandsebinderske,1,Arbeidshus,Forsørget,regel,arbeidshuset (det ankerske) regnet som produksjon
Kuffert Arbeider,1,Reiseeffektarbeider,Industri,regel,
Kuffertfabrik arbeiderske,1,Reiseeffektarbeider,Industri,regel,
Kuffertfabrikarbeider %Kuffertfabrikart%,1,Reiseeffektarbeider,Industri,regel,
Kuffertfabrikarbeider %Reisefektmager%,1,Reiseeffektarbeider,Industri,regel,
Kuffertfabrikarbeider %Reiseverkarbeider%,1,Reiseeffektarbeider,Industri,regel,
Kuffertfabrikarbeiderske,1,Reiseeffektarbeider,Industri,regel,
Kuffertfabriksarbeiderske,1,Reiseeffektarbeider,Industri,regel,
Kufurtfabrikarbeiderske,1,Reiseeffektarbeider,Industri,regel,
Kurvarb. paa det Ankerske arbeidshus,1,Arbeidshus,Forsørget,regel,arbeidshuset (det ankerske) regnet som produksjon
Kaabefabrik arbeiderske,1,Kåpefabrikkarbeider,Industri,regel,
Kaabefabrikarbeiderske,1,Kåpefabrikkarbeider,Industri,regel,
Kaabefabriken hos Hofgaard,1,Kåpefabrikkarbeider,Industri,regel,
Kaabesømmerske i Kåbefabrik,1,Kåpefabrikkarbeider,Industri,regel,
Lager Arbeider ved Gardinfabriken,1,Lagerarbeider (industri),Industri,regel,
Lagerbetjent ved Haldens Spinderi,1,Lagerbetjent,Industri,regel,
Lagermand ved Bomuldsspinderi,1,Lagerarbeider (industri),Industri,regel,
Lagermand ved Haldens Bomuldspinderi & Væveri,1,Lagerarbeider (industri),Industri,regel,
Legetøi arbeider,1,Leketøysarbeider,Industri,regel,arbeidshuset (det ankerske) regnet som produksjon
Legetøisarbeider,1,Leketøysarbeider,Industri,regel,arbeidshuset (det ankerske) regnet som produksjon
Legtøiarbeider,1,Leketøysarbeider,Industri,regel,
Lær arbeider,1,Lærarbeider,Industri,regel,arbeidshuset (det ankerske) regnet som produksjon
Læregut i Sæbefabrikation,1,Såpefabrikklærling,Industri,regel,
Lærling paa Kuffertfabrik,1,Koffertfabrikklærling,Industri,regel,
Margarinarbeider Foremand,1,Fabrikkformann,Industri,regel,arbeidshuset (det ankerske) regnet som produksjon
Margarinfabrik Arbeider,1,Margarinfabrikkarbeider,Industri,regel,
Marsjinist Ved Margarinfabrik,1,Maskinist (industri),Industri,regel,
Marskinist,1,Maskinist (industri),Industri,manuell,TVIL: maskinist uten kontekst — skip eller land?
Maskinist Lærling,1,Maskinist (industri),Industri,manuell,TVIL: maskinist uten kontekst
Maskinist og Reperatør Haldens Skofabrik,1,Maskinist (industri),Industri,regel,
Maskinist ved Byens electriske Værk,1,Maskinist (industri),Industri,regel,arbeidshuset (det ankerske) regnet som produksjon
"Maskinist, Elek.-verket",1,Maskinist (industri),Industri,regel,arbeidshuset (det ankerske) regnet som produksjon
Maskinstrikerske,1,Maskinstrikker,Industri,regel,arbeidshuset (det ankerske) regnet som produksjon
Mek. Arbeider,1,Mekaniker,Industri,manuell,
Mekaniker mek. verksted,1,Mekaniker,Industri,regel,
Mekanisk Arbeider,1,Mekaniker,Industri,manuell,
Mekanisk Arbeider paa Tændstikfabrik,1,Mekaniker,Industri,regel,
Mekanisk Arbeider ved C.holm,1,Mekaniker,Industri,manuell,
Mekanisk Verksted Formand,1,Verkstedsformann,Industri,regel,
Modelsnedker paa Fabrik,1,Modellsnekker,Industri,regel,
Monteurlærling ved elektrisk anlæg,1,Montørlærling,Industri,manuell,
Montør,1,Montør,Industri,regel,
Montør ved elektr. Lys anlæg,1,Montør,Industri,regel,
Montør ved Elektrikken,1,Montør,Industri,regel,
Montørlærling,1,Montørlærling,Industri,regel,
Notler,1,Notler/notlerske,Industri,regel,arbeidshuset (det ankerske) regnet som produksjon
Notler paa Skofabrikken,1,Notler/notlerske,Industri,regel,
Notlerske hos Halvorsen,1,Notler/notlerske,Industri,regel,
Notlerske hos N Hansen,1,Notler/notlerske,Industri,regel,
Notlerske i Hjemmet,1,Notler/notlerske,Industri,regel,
Notlerske paa skofabrik,1,Notler/notlerske,Industri,regel,
Notlerske Skofabrik,1,Notler/notlerske,Industri,regel,
Notlerske ved Fabrik,1,Notler/notlerske,Industri,regel,
Notlerske ved Haldens Skofabrik,1,Notler/notlerske,Industri,regel,
Naatlerske paa Fabrik,1,Notler/notlerske,Industri,regel,
Naatlerske ved %H% %S% Skofabrik,1,Notler/notlerske,Industri,regel,
Oppinder paa Halvorsens Skotøjsfabrik,1,Skofabrikkarbeider,Industri,regel,
Pakkerske fyrstikfabr.,1,Pakker(ske),Industri,regel,
Pakkerske paa skofabrik,1,Pakker(ske),Industri,regel,
Pakkerske paa Tændstikfabrik,1,Pakker(ske),Industri,regel,
Pige Spinderiarbeiderske,1,Spinneriarbeider,Industri,regel,
R??æksmed ved Jernverk,1,Smed (industri),Industri,regel,
Rakker ved Katrineholm,1,Rakker (jernverk),Industri,regel,arbeidshuset (det ankerske) regnet som produksjon
Ramlægger Fyrstikfabrikarbeider,1,Ramlegger,Industri,regel,
Ramlægger paa Fyrstikfabrik,1,Ramlegger,Industri,regel,
Ramlægger paa Tænstikfabriken,1,Ramlegger,Industri,regel,
Reiseefekt - Formand,1,Fabrikkformann,Industri,manuell,
Reiseeffektarbeider,1,Reiseeffektarbeider,Industri,regel,arbeidshuset (det ankerske) regnet som produksjon
ReparationsSnekker på gardinfabrik,1,Reparasjonssnekker,Industri,regel,
Sadelmager hos Vognfabrikant Andersen hersteds,1,Sadelmaker (fabrikk),Industri,regel,
Skibstømmermand ansat paa Brevigs værft,1,Skipstømmermann (verft),Sjøfart,manuell,skipstømmermann ansatt på verft = landarbeid
Skibstømmermand ved Brevigs' Værft hersteds,1,Skipstømmermann (verft),Sjøfart,manuell,skipstømmermann ansatt på verft = landarbeid
Skibsverft,1,Skipsverftarbeider,Sjøfart,manuell,
Sko - Fabrikarbeider,1,Skofabrikarbeider,Industri,regel,
Sko Fabrikarbeide,1,Skofabrikarbeider,Industri,regel,
Sko Fabrikarbeider,1,Skofabrikarbeider,Industri,regel,
Skoarbeider hos Dahl,1,Skofabrikarbeider,Industri,regel,
Skoarbeider hos Dahl %Halvorsen%,1,Skofabrikarbeider,Industri,regel,
Skoarbeider hos Halvors.,1,Skofabrikarbeider,Industri,regel,
Skoarbeider ved skofabrik,1,Skofabrikarbeider,Industri,regel,
Skoarbeidersk hos Halvorsen,1,Skofabrikarbeider,Industri,regel,
Skofabrik arbeider,1,Skofabrikarbeider,Industri,regel,
Skofabrik fabrikarbeider,1,Skofabrikarbeider,Industri,regel,
Skofabrikant,1,Fabrikkeier,Industri,regel,
Skofabrikarbeider svend,1,Skofabrikarbeider,Industri,regel,
Skofabrikken,1,Skofabrikarbeider,Industri,regel,
Skofabriksarbeigder Tilskærer,1,Skofabrikarbeider,Industri,regel,
Skomager arb på Haldens Skofabrik,1,Skofabrikarbeider,Industri,regel,
Skomager. Arb. på Skofabrik,1,Skofabrikarbeider,Industri,regel,
Skomager. Arbeider på skofabrik,1,Skofabrikarbeider,Industri,regel,
Skomagerfabrik arbeider,1,Skofabrikarbeider,Industri,regel,
Skomagerlærling ved skofabrik,1,Skofabrikklærling,Industri,regel,
Skomagersvend på skofabrik,1,Skofabrikksvenn,Industri,regel,
Skomagersvend v/ Skofabrik,1,Skofabrikksvenn,Industri,regel,
Skomaker Skofabrikarbeider,1,Skofabrikarbeider,Industri,regel,
Skonotlerske paa Fabrik,1,Notler/notlerske,Industri,regel,
skotøiarb.,1,Skofabrikarbeider,Industri,regel,arbeidshuset (det ankerske) regnet som produksjon
Skotøiarbeider,1,Skofabrikarbeider,Industri,regel,arbeidshuset (det ankerske) regnet som produksjon
Skotøiarbeider hos Halvorsen,1,Skofabrikarbeider,Industri,regel,arbeidshuset (det ankerske) regnet som produksjon
Skotøiarbeider ved Fabrik,1,Skofabrikarbeider,Industri,regel,
Skotøifabrikant,1,Fabrikkeier,Industri,regel,
skotøifabrikarb.,1,Skofabrikarbeider,Industri,regel,
Skotøisarbeider hos Halvorsen,1,Skofabrikarbeider,Industri,regel,arbeidshuset (det ankerske) regnet som produksjon
Skotøjfabrikarbeider,1,Skofabrikarbeider,Industri,regel,
Smed Lärling ved Jernverket,1,Smedlærling (industri),Industri,regel,
Smed og Vognfabrikant,1,Smed (industri),Industri,regel,
Smed ved Haldens væveri,1,Smed (industri),Industri,regel,
Smelter Catrineholms,1,Smelter,Industri,regel,arbeidshuset (det ankerske) regnet som produksjon
Smelter ved Catrineholm,1,Smelter,Industri,regel,arbeidshuset (det ankerske) regnet som produksjon
Smelter ved Catrineholms Jernverk,1,Smelter,Industri,regel,
Smelter ved Katrineholms Jernverk,1,Smelter,Industri,regel,
Smelter ved Kattrineholms Jernverk,1,Smelter,Industri,regel,
Smidesbestyrer vid Jernværk,1,Verksmester,Industri,regel,
Smitter på Veveri,1,Veveriarbeider,Industri,regel,
Smälter ved Katrineholms Jernverk,1,Smelter,Industri,regel,
Smørfabrikarbeide,1,Margarinfabrikkarbeider,Industri,regel,
Smørjer ved Jernverk,1,Maskinsmører,Industri,regel,
Snedker ved Legetøifabrik,1,Leketøysarbeider,Industri,regel,
Spigerklipper,1,Spikerklipper,Industri,regel,arbeidshuset (det ankerske) regnet som produksjon
Spikerklipper,1,Spikerklipper,Industri,regel,arbeidshuset (det ankerske) regnet som produksjon
Spiksyner,1,Spikersyrer,Industri,regel,arbeidshuset (det ankerske) regnet som produksjon
Spiksyrer ved Jernverket,1,Spikersyrer,Industri,regel,
Spinderi Arbeider,1,Spinneriarbeider,Industri,regel,
Spinderi Arbeidesk,1,Spinneriarbeider,Industri,regel,
Spinderiarbejder,1,Spinneriarbeider,Industri,regel,
Spinneri arbeiderske,1,Spinneriarbeider,Industri,manuell,
Spolerske paa fabrik,1,Spinneriarbeider,Industri,regel,
Støberi arbeider,1,Jernverksarbeider,Industri,regel,
Syer paa Kaabefabrik,1,Sypike/syerske (fabrikk),Industri,regel,
Syerske p. kuffertfabrik,1,Sypike/syerske (fabrikk),Industri,regel,
Syerske paa kaabefabrik,1,Sypike/syerske (fabrikk),Industri,regel,
Syerske ved Norsk Gardinfabrik,1,Sypike/syerske (fabrikk),Industri,regel,
"Syerske, Kaabefabrik",1,Sypike/syerske (fabrikk),Industri,regel,
Sypige arb. fabrik,1,Sypike/syerske (fabrikk),Industri,regel,
Sypige paa kaabefabrik,1,Sypike/syerske (fabrikk),Industri,regel,
Sypige ved Kjøbmand Hofgaards Kaabefabrik,1,Sypike/syerske (fabrikk),Industri,regel,
Sypige ved kaabefabrik,1,Sypike/syerske (fabrikk),Industri,regel,
Syr paa skofabrik,1,Sypike/syerske (fabrikk),Industri,regel,
syr paa skofabrik,1,Sypike/syerske (fabrikk),Industri,regel,
Sømmerske ved Kaabefabrik,1,Sypike/syerske (fabrikk),Industri,regel,
Sønn Lærling i legetøisfabrik Legetøislerling,1,Leketøyslærlling,Industri,regel,
Tegelværksarbeider,1,Teglverksarbeider,Industri,regel,
Tekniker Myrens Værksted,1,Ingeniør (industri),Industri,regel,arbeidshuset (det ankerske) regnet som produksjon
Telefon-arbeider,1,Telefonarbeider,Industri,regel,arbeidshuset (det ankerske) regnet som produksjon
Telefonarbeider,1,Telefonarbeider,Industri,regel,arbeidshuset (det ankerske) regnet som produksjon
Tilskjerer vid Skofabrik,1,Tilskjærer (fabrikk),Industri,regel,
Tilskjærer v/ Skotøifabrik,1,Tilskjærer (fabrikk),Industri,regel,
Tilskärer vid skotøifabrik,1,Tilskjærer (fabrikk),Industri,regel,
Tændstikfabriksarbeider,1,Fyrstikkfabrikkarbeider,Industri,regel,
Tændstikfabriksarbeiderske,1,Fyrstikkfabrikkarbeider,Industri,regel,
Tændstiksfabrik Maskinist. Kjøbmand,1,Maskinist,Industri,regel,
Tænstiksfabrikarbeiderske,1,Fyrstikkfabrikkarbeider,Industri,regel,
Tænstiksfabriken,1,Fyrstikkfabrikkarbeider,Industri,regel,
Valsearbeider ved Chatrineholm Jernverk,1,Jernverksarbeider,Industri,regel,
Valsemester ved Chatrineholm,1,Verksmester,Industri,manuell,
Valser ved Jernverk,1,Jernverksarbeider,Industri,regel,
Valseverks arbeider,1,Jernverksarbeider,Industri,regel,
Varmer ved Jernverk,1,Jernverksarbeider,Industri,regel,
Ved fabrikken,1,Fabrikkarbeider,Industri,regel,
Ved Gardinfabrik,1,Gardinfabrikkarbeider,Industri,regel,
Ved kaabefabrikken,1,Kåpefabrikkarbeider,Industri,regel,
veveriarbeider ved Haldens væveri,1,Veveriarbeider,Industri,regel,
Visergut paa Bache & Thoresens Kaabefabrik,1,Visergutt,Handel,manuell,
Visergut paa Haldens Bomuldspinderi & Væveri,1,Visergutt,Handel,manuell,
Vognfabrikant,1,Fabrikkeier,Industri,regel,
Væver ved gardinfabriken,1,Veveriarbeider,Industri,regel,
Væver ved Norsk Gardinfabrik,1,Veveriarbeider,Industri,regel,
Væverimester,1,Veverimester,Industri,regel,
væveripakker,1,Pakker(ske),Industri,regel,
væverismitter,1,Veveriarbeider,Industri,regel,
Væverska på Fabrik,1,Veveriarbeider,Industri,regel,
væverske,1,Veveriarbeider,Industri,regel,
Væverske paa Fabrik,1,Veveriarbeider,Industri,regel,
Væverske ved Haldens veveri,1,Veveriarbeider,Industri,regel,
Væverske ved Haldens væveri,1,Veveriarbeider,Industri,regel,
væving,1,Veveriarbeider,Industri,regel,
Weveriarbeiderske,1,Veveriarbeider,Industri,regel,arbeidshuset (det ankerske) regnet som produksjon
Wærkstedarbeider ved Katrineholms Jernverk,1,Mekaniker,Industri,regel,
Wæverske ved Halden væveri,1,Veveriarbeider,Industri,regel,
Wäverske ved Haldens Væveri,1,Veveriarbeider,Industri,regel,
Arbeider gaardsarbejde,1,Gårdsarbeider,Jordbruk,manuell,
Arbeider jordbug,1,Gårdsarbeider,Jordbruk,manuell,
Arbeider ved Jordbrug,1,Gårdsarbeider,Jordbruk,regel,
arbeiderske i Haven tj. Anker,1,Gartner,Jordbruk,manuell,
Bestyrer Gaarden,1,Gårdsbestyrer,Jordbruk,regel,"fallback-regel, sjekket manuelt"
Dagarbejderske ved Havebrug,1,Dagarbeider,Dagarbeid,regel,"fallback-regel, sjekket manuelt"
Ejer af Gaarden og Røgerske,1,Gårdbruker,Jordbruk,regel,"fallback-regel, sjekket manuelt"
Fisker & Gårdeier,1,Fisker,Jordbruk,regel,
Gartner ansat hos handelsgartner,1,Gartner,Jordbruk,manuell,
Gartner arbeider,1,Gartner,Jordbruk,regel,
Gartner egen regning,1,Gartnemester,Jordbruk,regel,
"Gartner men uden Ansættelse, syg og hjælper med Arb. i Huse",1,Gartner,Jordbruk,regel,
"Gartner, Sorgenfri",1,Gartner,Jordbruk,regel,
Gartnerelev,1,Gartnerlærling,Jordbruk,regel,
Gartnerske,1,Gartner,Jordbruk,regel,
Gaardbruger og Tømmermand,1,Gårdbruker,Jordbruk,regel,
Gaardbruger S,1,Gårdbruker,Jordbruk,regel,
"Gaardbruger S, Bankdirektør Slagteborger Skibsrehder",1,Skipsreder og bankdirektør,Frie yrker,regel,
Gaardmandsdtr.,1,Datter,Uten registrert yrke,regel,"fallback-regel, sjekket manuelt"
Gaardsarbejder,1,Gårdsarbeider,Jordbruk,manuell,TVIL: kan være gårdskar i bygård
Handels Gartnerarbeiderske,1,Gartner,Jordbruk,manuell,
Handelsgartner,1,Gartner,Jordbruk,manuell,
Havearbeiderske,1,Gartner,Jordbruk,regel,"fallback-regel, sjekket manuelt"
Jordbrukar,1,Gårdbruker,Jordbruk,regel,"fallback-regel, sjekket manuelt"
Læregut som landmand,1,Landbrukslærling,Jordbruk,manuell,
Opsynsmand Kreaturfarm??,1,Fjøsmester,Jordbruk,manuell,
Agenturforretng,1,Agent,Handel,regel,formann/mester uten bransje: se notat
Agentvolongtør,1,Agentlærling,Handel,regel,"fallback-regel, sjekket manuelt"
Assistentinde ved Sparebankens Pantelaanidretning,1,Bankassistent,Kontor og forvaltning,regel,"fallback-regel, sjekket manuelt"
Bankasistent,1,Bankassistent,Kontor og forvaltning,regel,"fallback-regel, sjekket manuelt"
Bankassistent i Kreditbanken,1,Bankassistent,Kontor og forvaltning,regel,"fallback-regel, sjekket manuelt"
Bankassistent ved Norges Bank Revisor ved Fr.halds Kreditbank Bogholder ved Kolonialforretning,1,Bankassistent,Kontor og forvaltning,regel,formann/mester uten bransje: se notat
Bankbogholder,1,Bokholder,Kontor og forvaltning,regel,formann/mester uten bransje: se notat
Bankbogholder i Norges Bank Revisor i Dalslands Jernväg,1,Bokholder,Kontor og forvaltning,regel,formann/mester uten bransje: se notat
Bankchef,1,Banksjef,Kontor og forvaltning,regel,formann/mester uten bransje: se notat
"Bankkasserer ved Norges Banks Afdeling, Assuran",1,Bankkasserer,Kontor og forvaltning,regel,formann/mester uten bransje: se notat
Beskjæftiget med kontorarbeide hos Hf,1,Kontorist,Kontor og forvaltning,regel,formann/mester uten bransje: se notat
Bestyrer af Fr.halds Handelsforening,1,Bestyrer,Kontor og forvaltning,regel,formann/mester uten bransje: se notat
"Bestyrer af Gasværket, og Lærer ved den tekniske Aftenskole",1,Gassverksbestyrer,Kontor og forvaltning,manuell,ledelse/disponent regnes som kontor og forvaltning
Bogholder,1,Bokholder,Kontor og forvaltning,regel,formann/mester uten bransje: se notat
Bogholder f tilfældig v/ Norsk Gardinfabr.,1,Bokholder,Kontor og forvaltning,manuell,"kontorfunksjon, uansett bransje"
Bogholder i Trælastforretning,1,Bokholder,Kontor og forvaltning,manuell,"kontorfunksjon, uansett bransje"
Bogholder v/ Jernværk,1,Bokholder,Kontor og forvaltning,manuell,"kontorfunksjon, uansett bransje"
Bogholder ved Trælastforr,1,Bokholder,Kontor og forvaltning,manuell,"kontorfunksjon, uansett bransje"
Bogholderske,1,Bokholder,Kontor og forvaltning,regel,formann/mester uten bransje: se notat
Bogholderske og kassererske i byggeforretning,1,Bokholder,Kontor og forvaltning,regel,formann/mester uten bransje: se notat
Brugsforvalter ved jernværk,1,Bruksforvalter,Kontor og forvaltning,manuell,ledelse/disponent regnes som kontor og forvaltning
Casserer ved Saugbrugsforeningens Høvleri,1,Kasserer,Kontor og forvaltning,manuell,"kontorfunksjon, uansett bransje"
Casserer ved Trælastforretning,1,Kasserer,Kontor og forvaltning,manuell,"kontorfunksjon, uansett bransje"
Contorist hos Skibsreder,1,Kontorist,Kontor og forvaltning,manuell,"kontorfunksjon, uansett bransje"
d & Cassererske,1,Kasserer,Kontor og forvaltning,regel,"fallback-regel, sjekket manuelt"
Datter og Contordame,1,Kontordame,Kontor og forvaltning,regel,formann/mester uten bransje: se notat
Dipsonent ved Skofabrik,1,Disponent,Kontor og forvaltning,manuell,ledelse/disponent regnes som kontor og forvaltning
Disponent for Haldens Bomuldspinderi & Væveri,1,Disponent,Kontor og forvaltning,manuell,ledelse/disponent regnes som kontor og forvaltning
Disponent for Jernværk,1,Disponent,Kontor og forvaltning,manuell,ledelse/disponent regnes som kontor og forvaltning
Disponent for reiseeffektfabrik,1,Disponent,Kontor og forvaltning,manuell,ledelse/disponent regnes som kontor og forvaltning
Disponent for Saugbrugsforeningen,1,Disponent,Kontor og forvaltning,manuell,ledelse/disponent regnes som kontor og forvaltning
Disponent for skotøifabrik,1,Disponent,Kontor og forvaltning,manuell,ledelse/disponent regnes som kontor og forvaltning
Disponent ved vestlandske skofabrik,1,Disponent,Kontor og forvaltning,manuell,ledelse/disponent regnes som kontor og forvaltning
"Disponent, Tændstikfabrikken",1,Disponent,Kontor og forvaltning,manuell,ledelse/disponent regnes som kontor og forvaltning
Div. Contor- & Malerarbeide,1,Kontorist,Kontor og forvaltning,regel,formann/mester uten bransje: se notat
Expedetrice ved Garn- & Hvidevareforretning hersteds,1,Butikkdame/expiditrise,Handel,regel,"fallback-regel, sjekket manuelt"
Expeditrice,1,Butikkdame/expiditrise,Handel,regel,formann/mester uten bransje: se notat
Expeditrice i Manufakturf.,1,Butikkdame/expiditrise,Handel,regel,formann/mester uten bransje: se notat
Expeditrice ved Avis,1,Butikkdame/expiditrise,Handel,regel,formann/mester uten bransje: se notat
"Fabrikbestyrer, Ingeniør Bomuldsfabriken",1,Fabrikkbestyrer,Industri,manuell,ledelse/disponent regnes som kontor og forvaltning
"Fhv. Overlærer, nu pensioneret, tillige kasserer ved d. h. Almenskole",1,Pensjonist,Forsørget,manuell,ledelse/disponent regnes som kontor og forvaltning
Formand,1,Kontorformann,Kontor og forvaltning,regel,formann/mester uten bransje: se notat
Forretningsfører i Smålenenes Amtstidendes Trykkeri,1,Forretningsfører,Kontor og forvaltning,regel,"fallback-regel, sjekket manuelt"
Fuldmægtig,1,Kontorfullmektig,Kontor og forvaltning,regel,formann/mester uten bransje: se notat
Fuldmægtig i Kolonialforretning,1,Kontorfullmektig,Kontor og forvaltning,regel,formann/mester uten bransje: se notat
Fuldmægtig i Trælastforretn,1,Kontorfullmektig,Kontor og forvaltning,manuell,"kontorfunksjon, uansett bransje"
Fuldmægtig v Jernforretning,1,Kontorfullmektig,Kontor og forvaltning,regel,formann/mester uten bransje: se notat
Fuldmægtig v/Trælastforretning Sergent v/ Infanteriet,1,Sersjant,Militær,manuell,"kontorfunksjon, uansett bransje"
Fuldmægtig ved Contor og Skovdrift,1,Kontorfullmektig,Kontor og forvaltning,manuell,"kontorfunksjon, uansett bransje"
Fuldmægtig ved Jernvareforretning,1,Kontorfullmektig,Kontor og forvaltning,regel,formann/mester uten bransje: se notat
Fuldmægtig ved Manufakturforr.,1,Kontorfullmektig,Kontor og forvaltning,regel,formann/mester uten bransje: se notat
Fulmægtig ved Trælastkontor,1,Kontorfullmektig,Kontor og forvaltning,manuell,"kontorfunksjon, uansett bransje"
fv. Handelsmand. Kontorist ved Haldens Bomsp.,1,Kontorist,Kontor og forvaltning,regel,formann/mester uten bransje: se notat
Fæstekontor,1,Festekontorist,Kontor og forvaltning,regel,formann/mester uten bransje: se notat
Fæstekontor Hustru,1,Festekontorist,Kontor og forvaltning,regel,formann/mester uten bransje: se notat
Gårdeier og Forretningsfører,1,Forretningsfører,Kontor og forvaltning,regel,"fallback-regel, sjekket manuelt"
Handelsbestyrerinde,1,Handelsbestyrerinne,Handel,regel,formann/mester uten bransje: se notat
Handelsf. ingen fast Plads har kontorarbeide hos forskjellige Handlende,1,Kontorist,Kontor og forvaltning,regel,formann/mester uten bransje: se notat
Handelsfuldmægtig Maunufactur,1,Handelsfullmektig,Kontor og forvaltning,regel,formann/mester uten bransje: se notat
Inkassator,1,Inkassator,Kontor og forvaltning,regel,formann/mester uten bransje: se notat
Jernbanetelegrafist,1,Telegrafist,Kontor og forvaltning,regel,formann/mester uten bransje: se notat
Kasererske,1,Kasserer,Kontor og forvaltning,regel,"fallback-regel, sjekket manuelt"
Kasserer v/ Tændstikfabrik og Assuranceagent,1,Kasserer,Kontor og forvaltning,manuell,"kontorfunksjon, uansett bransje"
Kasserer ved bomuldspinderis kontor,1,Kasserer,Kontor og forvaltning,manuell,"kontorfunksjon, uansett bransje"
Kassererske,1,Kasserer,Kontor og forvaltning,regel,formann/mester uten bransje: se notat
Kassererske i Garn og Videvarf,1,Kasserer,Kontor og forvaltning,regel,formann/mester uten bransje: se notat
Kassererske i Isenkramforretning,1,Kasserer,Kontor og forvaltning,regel,formann/mester uten bransje: se notat
Kassererske i Kolonialforretning,1,Kasserer,Kontor og forvaltning,regel,formann/mester uten bransje: se notat
Kassererske i manufakturforr.,1,Kasserer,Kontor og forvaltning,regel,formann/mester uten bransje: se notat
Kassererske i Manufakturforretn.,1,Kasserer,Kontor og forvaltning,regel,formann/mester uten bransje: se notat
Kassererske Jernvareforretning,1,Kasserer,Kontor og forvaltning,regel,formann/mester uten bransje: se notat
Kassererske paa kontor hos jernhandlr,1,Kasserer,Kontor og forvaltning,regel,formann/mester uten bransje: se notat
Kassererske ved Kolonialforretning,1,Kontorist,Kontor og forvaltning,regel,formann/mester uten bransje: se notat
Kontarbeid,1,Kontorist,Kontor og forvaltning,regel,"fallback-regel, sjekket manuelt"
Kontorarbeide,1,Kontorist,Kontor og forvaltning,regel,formann/mester uten bransje: se notat
Kontorbeskjæftigelse i Moderens forretning,1,Kontorist,Kontor og forvaltning,regel,formann/mester uten bransje: se notat
Kontorbetj. - Agentur,1,Kontorist,Kontor og forvaltning,regel,formann/mester uten bransje: se notat
Kontorchef Marmorforretn Chria,1,Kontorsjef,Kontor og forvaltning,regel,formann/mester uten bransje: se notat
Kontorchef ved Saugbrugsforeningen,1,Kontorsjef,Kontor og forvaltning,manuell,"kontorfunksjon, uansett bransje"
kontordame,1,Kontordame,Kontor og forvaltning,regel,formann/mester uten bransje: se notat
Kontordame h/ Paul Grenager,1,Kontordame,Kontor og forvaltning,regel,formann/mester uten bransje: se notat
Kontordame Papirforr.,1,Kontordame,Kontor og forvaltning,regel,formann/mester uten bransje: se notat
Kontordame v/ Smørfabr. 'Union',1,Kontordame,Kontor og forvaltning,manuell,"kontorfunksjon, uansett bransje"
Kontordame ved fabrik,1,Kontordame,Kontor og forvaltning,manuell,"kontorfunksjon, uansett bransje"
Kontordame ved Sagførerforet,1,Kontordame,Kontor og forvaltning,manuell,"kontorfunksjon, uansett bransje"
Kontordame ved skotøifabrik,1,Kontordame,Kontor og forvaltning,manuell,"kontorfunksjon, uansett bransje"
Kontorfuldmægtig ved Haldens Bomuldspinderi & Væveri,1,Kontorfullmektig,Kontor og forvaltning,manuell,"kontorfunksjon, uansett bransje"
Kontorist - Agentur,1,Kontorist,Kontor og forvaltning,regel,formann/mester uten bransje: se notat
Kontorist & Lagerm. i Maskin & Jernvareforretning,1,Kontorist,Kontor og forvaltning,regel,formann/mester uten bransje: se notat
Kontorist %og advokat% sagforerkontor,1,Kontorist,Kontor og forvaltning,manuell,"kontorfunksjon, uansett bransje"
Kontorist hos grosserer,1,Kontorist,Kontor og forvaltning,regel,formann/mester uten bransje: se notat
Kontorist i Trælastforretning,1,Kontorist,Kontor og forvaltning,manuell,"kontorfunksjon, uansett bransje"
Kontorist Kasserer,1,Kontorist,Kontor og forvaltning,regel,formann/mester uten bransje: se notat
Kontorist paa kæmnerkontoret,1,Kontorist,Kontor og forvaltning,regel,formann/mester uten bransje: se notat
Kontorist paa sorenskriverkontor,1,Kontorist,Kontor og forvaltning,regel,formann/mester uten bransje: se notat
Kontorist v/ Bygningsforretning,1,Kontorist,Kontor og forvaltning,manuell,"kontorfunksjon, uansett bransje"
Kontorist v/ Grosserforretning i Mel & Korn,1,Kontorist,Kontor og forvaltning,regel,formann/mester uten bransje: se notat
Kontorist v/ Halden Bomuldspinderi & V,1,Kontorist,Kontor og forvaltning,manuell,"kontorfunksjon, uansett bransje"
Kontorist v/ jernbanen,1,Kontorist,Kontor og forvaltning,regel,formann/mester uten bransje: se notat
Kontorist v/ Skofabrik,1,Kontorist,Kontor og forvaltning,manuell,"kontorfunksjon, uansett bransje"
Kontorist v/ Skotøifabrik,1,Kontorist,Kontor og forvaltning,manuell,"kontorfunksjon, uansett bransje"
Kontorist ved Bomuldspinderikontor,1,Kontorist,Kontor og forvaltning,manuell,"kontorfunksjon, uansett bransje"
Kontorist ved mæglerforretning,1,Kontorist,Kontor og forvaltning,regel,formann/mester uten bransje: se notat
Kontorist ved Møller & Co's Ølbryggeri,1,Kontorist,Kontor og forvaltning,manuell,"kontorfunksjon, uansett bransje"
"Kontorist, Agentur",1,Kontorist,Kontor og forvaltning,regel,formann/mester uten bransje: se notat
Kontoristinde v/ Norsk Gardinfabr.,1,Kontordame,Kontor og forvaltning,manuell,"kontorfunksjon, uansett bransje"
Kontorm. Trælastforretning,1,Kontorist,Kontor og forvaltning,manuell,"kontorfunksjon, uansett bransje"
Kontormand Befragter,1,Kontorist,Kontor og forvaltning,manuell,"kontorfunksjon, uansett bransje"
Kontormand i trælastforretning h/ J A Torpp,1,Kontorist,Kontor og forvaltning,manuell,"kontorfunksjon, uansett bransje"
Kontormand uden plads,1,Kontorist,Kontor og forvaltning,regel,formann/mester uten bransje: se notat
Kontormand. Saugbrugsforeningen. Trælastforretning,1,Kontorist,Kontor og forvaltning,manuell,"kontorfunksjon, uansett bransje"
Kontorplads ved agenturforretning og lidt formue,1,Kontorist,Kontor og forvaltning,regel,formann/mester uten bransje: se notat
Kontorpost i Colonialforretning,1,Kontorist,Kontor og forvaltning,regel,formann/mester uten bransje: se notat
"Kontorpost, i Jernvareforetn.",1,Kontorist,Kontor og forvaltning,regel,formann/mester uten bransje: se notat
Kontorrist,1,Kontorist,Kontor og forvaltning,regel,formann/mester uten bransje: se notat
Kæmner,1,Kemner,Offentlig tjeneste,regel,"fallback-regel, sjekket manuelt"
Manufakturexpeditrice,1,Butikkdame/expiditrise,Handel,regel,formann/mester uten bransje: se notat
Mæglerfuldmægtig,1,Meglerfullmektig,Kontor og forvaltning,regel,formann/mester uten bransje: se notat
Mæglerkontorist,1,Meglerkontorist,Kontor og forvaltning,regel,formann/mester uten bransje: se notat
"Prokurist, Kasserer, Bogholder, Gaardeier",1,Prokurist,Kontor og forvaltning,regel,formann/mester uten bransje: se notat
Revisor,1,Revisor,Kontor og forvaltning,regel,formann/mester uten bransje: se notat
"Revisor, Handelslærer",1,Revisor,Kontor og forvaltning,manuell,ledelse/disponent regnes som kontor og forvaltning
Saugbrugsbestyrer,1,Bestyrer,Kontor og forvaltning,manuell,ledelse/disponent regnes som kontor og forvaltning
Sparebankassistent,1,Bankassistent,Kontor og forvaltning,regel,formann/mester uten bransje: se notat
Sparebankbogholder og Kommunerevisor,1,Bokholder,Kontor og forvaltning,regel,formann/mester uten bransje: se notat
Telefonformand,1,Telefonformann,Kontor og forvaltning,regel,formann/mester uten bransje: se notat
Telefoninspektør Fredrikshalds Telefonforening,1,Telefoninspektør,Kontor og forvaltning,regel,"fallback-regel, sjekket manuelt"
telefonistinde,1,Telefonist,Kontor og forvaltning,regel,formann/mester uten bransje: se notat
Telefonistinde Statens tjeneste,1,Telefonist,Kontor og forvaltning,regel,formann/mester uten bransje: se notat
Telefonistinde ved Rigstelefonen Staten,1,Telefonist,Kontor og forvaltning,regel,formann/mester uten bransje: se notat
Telegraf & Rigstelefonistinde,1,Telegrafist,Kontor og forvaltning,regel,formann/mester uten bransje: se notat
Telegrafbestyrer ved Rigstelgrafen,1,Telegrafbestyrer,Kontor og forvaltning,regel,"fallback-regel, sjekket manuelt"
Telegrafist,1,Telegrafist,Kontor og forvaltning,regel,formann/mester uten bransje: se notat
telegrafist,1,Telegrafist,Kontor og forvaltning,regel,formann/mester uten bransje: se notat
Telegrafist v/ Statsbanerne,1,Telegrafist,Kontor og forvaltning,regel,formann/mester uten bransje: se notat
Trælastfuldmægtig og Agent,1,Trelastfullmektig,Treindustri,manuell,"kontorfunksjon, uansett bransje"
Tysk Konsul Kasserer v/ jernværkskontor,1,Konsul,Frie yrker,manuell,"kontorfunksjon, uansett bransje"
Vikar ved Rigstelegrafen,1,Telegrafist,Kontor og forvaltning,regel,"fallback-regel, sjekket manuelt"
Vikar ved telefonen,1,Telefonist,Kontor og forvaltning,regel,"fallback-regel, sjekket manuelt"
Visergut - Agentur,1,Visergutt,Handel,manuell,
Visergut Agentur,1,Visergutt,Handel,manuell,
Visergut paa brændevinssamlaget,1,Visergutt,Handel,regel,
Volongtør paa Agenturkontor,1,Agentlærling,Handel,regel,formann/mester uten bransje: se notat
Volontør hos Agent,1,Agentlærling,Handel,regel,formann/mester uten bransje: se notat
Volontør Kontorforr.,1,Kontorlærling,Kontor og forvaltning,regel,formann/mester uten bransje: se notat
Volontør paa Arkitektkontor,1,Arkitektlærling,Kontor og forvaltning,manuell,"kontorfunksjon, uansett bransje"
Volontør ved dampskibskontor,1,Kontorlærling,Kontor og forvaltning,manuell,"kontorfunksjon, uansett bransje"
Volontør ved Kridit Bankken,1,Banklærling,Kontor og forvaltning,regel,formann/mester uten bransje: se notat
Arbeide på bryggeriet,1,Bryggeriarbeider,Mat og drikke,regel,
Arbeider Bryggeri,1,Bryggeriarbeider,Mat og drikke,regel,
Arbeider ved Komunal mølle,1,Møllearbeider,Mat og drikke,regel,
Arbeiderske Haldens Bryggeri,1,Bryggeriarbeider,Mat og drikke,regel,
Bager,1,Baker,Mat og drikke,regel,
Bager læring hos Haagensen,1,Bakerlærling,Mat og drikke,regel,
Bager Lærling,1,Bakerlærling,Mat og drikke,regel,
Bagere & Kolonialforretning,1,Bakeriarbeider,Mat og drikke,regel,
Bagerforretning,1,Bakeriarbeider,Mat og drikke,regel,
bagerlæreling hos Klein,1,Bakerlærling,Mat og drikke,regel,
BagerMester,1,Bakermester,Mat og drikke,regel,
Bagermester & Gårdeier,1,Bakermester,Mat og drikke,regel,
Bagersvend hos I S Johannesen,1,Bakersvenn,Mat og drikke,regel,
Bagersvend hos Otto Klein,1,Bakersvenn,Mat og drikke,regel,
Bageværk,1,Baker,Mat og drikke,regel,"fallback-regel, sjekket manuelt"
Baker Læring,1,Bakerlærling,Mat og drikke,regel,"fallback-regel, sjekket manuelt"
Brygeriarbeider Halden,1,Bryggeriarbeider,Mat og drikke,manuell,
Brygeriarbeider Haldens Bryggeri,1,Bryggeriarbeider,Mat og drikke,regel,
Brygeriarbejder,1,Bryggeriarbeider,Mat og drikke,manuell,
Bryggearbeider Foreningsbryggeri,1,Bryggeriarbeider,Mat og drikke,regel,
Brygger,1,Bryggeriarbeider,Mat og drikke,regel,"fallback-regel, sjekket manuelt"
Bryggeri Arbeider,1,Bryggeriarbeider,Mat og drikke,regel,
Bryggeriarbeider og Ølkjører,1,Bryggeriarbeider,Mat og drikke,regel,
Bryggeriarbeiderske,1,Bryggeriarbeider,Mat og drikke,regel,
Bryggeribestyrer & Bryggerieier,1,Bryggerieier,Mat og drikke,regel,
Bryggeriexpeditør,1,Bryggeriekspeditør,Mat og drikke,regel,
Bryggerimester,1,Bryggerimester,Mat og drikke,regel,
Conditor og Bager,1,Konditor,Mat og drikke,regel,
Conditorlerling,1,Konditorlærling,Mat og drikke,regel,
Conditorlærling,1,Konditorlærling,Mat og drikke,regel,
Conditorsvend,1,Konditorsvenn,Mat og drikke,regel,
Conditorsvend Alf Hansen,1,Konditorsvenn,Mat og drikke,regel,
Dater Meierijomfru,1,Meierijomfru,Mat og drikke,regel,
Datter Hjelpepige ved Meiriet,1,Meierijomfru,Mat og drikke,manuell,
Expeditør ved Ølbryggeri,1,Bryggeriekspeditør,Mat og drikke,regel,
fhv. handlende i colonialv Bestyrer af en Bagers udsalg,1,Bakeribestyrer,Mat og drikke,manuell,butikkfunksjon/salg
Fhv. møllearb,1,Forsørget,Forsørget,manuell,
Fladbrød Bager,1,Baker,Mat og drikke,regel,"fallback-regel, sjekket manuelt"
Flaskeskyllerske ved ølbryggeri,1,Flaskeskyllerske,Mat og drikke,regel,
Formand v/ Prambryggeri,1,Bryggeriformann,Mat og drikke,regel,
Haldens brygeri,1,Bryggeriarbeider,Mat og drikke,manuell,
Handelsmand Bager,1,Bakermester,Mat og drikke,regel,
Husbagning af Kaffebrød,1,Husbaker,Mat og drikke,regel,
i Bagerforetning,1,Bakeriarbeider,Mat og drikke,regel,"fallback-regel, sjekket manuelt"
Kaffebrenderske,1,Kaffebrenner,Mat og drikke,regel,"fallback-regel, sjekket manuelt"
Kaffebrænder for Agentforretning,1,Kaffebrenner,Mat og drikke,manuell,
Kaffebrænderiarbeiderske,1,Kaffebrenner,Mat og drikke,regel,
Kok,1,Kokk,Mat og drikke,regel,
Kokkekone,1,Kokkekone,Mat og drikke,regel,
Konditorlærling,1,Konditorlærling,Mat og drikke,regel,
Logi & Spiseforretning,1,Spisevert/-vertinne,Mat og drikke,regel,
Logi & Spisevært,1,Spisevert/-vertinne,Mat og drikke,regel,
Læregut i Pølsemageri,1,Pølsemakerlærling,Mat og drikke,regel,
Læregut Pølsemagerlære,1,Pølsemakerlærling,Mat og drikke,regel,
Maldtgjørrer Haldens Bryggerie,1,Maltgjører,Mat og drikke,regel,
Maskinist ved Meieri,1,Maskinist (meieri),Mat og drikke,regel,
Meieribestyrer,1,Meieribestyrer,Mat og drikke,regel,
Meierske,1,Meieriarbeider,Mat og drikke,regel,"fallback-regel, sjekket manuelt"
Mineralvandfabrikant,1,Mineralvannfabrikant,Mat og drikke,regel,
Mineralvandfabrikant cand. pharm.,1,Mineralvannfabrikant,Mat og drikke,regel,
møllearbeider,1,Møllearbeider,Mat og drikke,regel,
Møllearbeider Porsnæs,1,Møllearbeider,Mat og drikke,regel,
Møller ved kornmølle,1,Møllearbeider,Mat og drikke,regel,
Møllerarbeider,1,Møllearbeider,Mat og drikke,regel,
Pølsemager Gaardeier,1,Pølsemakermester,Mat og drikke,regel,
Pølsemagerforretning,1,Pølsemakermester,Mat og drikke,regel,
S & Conditorlærling,1,Konditorlærling,Mat og drikke,regel,
Skyllerske paa Bryggeri,1,Flaskeskyllerske,Mat og drikke,regel,
Slagter & pølsemager,1,Slakter,Mat og drikke,regel,
"Slagter, Rentier",1,Slakter,Mat og drikke,regel,
Slagter; huseier,1,Slakter,Mat og drikke,regel,
Slagterforretning,1,Slakter,Mat og drikke,regel,
Slagtergut,1,Slakterlærling,Mat og drikke,regel,
Slagtermester og gaardeier,1,Slaktermester,Mat og drikke,regel,
Spisevert,1,Spisevert/-vertinne,Mat og drikke,manuell,
Sukkerbageriforretning,1,Konditor,Mat og drikke,manuell,
Søn. Slagter & pølsemagerarbeider,1,Slakter,Mat og drikke,regel,
Tapper paa Ølbryggeri,1,Bryggeriarbeider,Mat og drikke,regel,
Tilberedning af Kreaturindmad,1,Slakter,Mat og drikke,regel,"fallback-regel, sjekket manuelt"
Tjenestepige på meieri,1,Meieriarbeider,Mat og drikke,regel,
Valsmaler ved Komunal mølle,1,Møllearbeider,Mat og drikke,regel,
Visegut hos Pølsemager Daniels.,1,Visergutt,Mat og drikke,regel,
Visergut hos Pølsemager Johannesen,1,Visergutt,Mat og drikke,manuell,
Visergut i Slagterforretning,1,Visergutt,Mat og drikke,manuell,
Artellericonstabel,1,Artillerikonstabel,Militær,regel,"fallback-regel, sjekket manuelt"
Artillerisergeant,1,Sersjant,Militær,regel,"fallback-regel, sjekket manuelt"
Bataljonshornsblæser og gårdbruger,1,Hornblåser,Militær,regel,"fallback-regel, sjekket manuelt"
Embedsmand. Infantericaptein,1,Kaptein,Militær,regel,slumoffiser/frelsesarmé regnet hit; kan diskuteres
Fanejunker,1,Fanejunker,Militær,regel,slumoffiser/frelsesarmé regnet hit; kan diskuteres
Fanejunker i Intendanturkorpset Magistratens personlige Kontorist,1,Fanejunker,Militær,regel,slumoffiser/frelsesarmé regnet hit; kan diskuteres
"Fanejunker, Kontorist, Bankrevisor",1,Fanejunker,Militær,regel,slumoffiser/frelsesarmé regnet hit; kan diskuteres
"Fastlønnet hornblæserkorporal, Jordbruger",1,Hornblåser,Militær,regel,slumoffiser/frelsesarmé regnet hit; kan diskuteres
Furer & Brigadeskriver,1,Furer,Militær,manuell,
fv. Musikcorporal,1,Musikkkorporal,Militær,manuell,
Husholdningshandel Kjøbm. og fastlønnet underoff.,1,Marketentør og underoffiser,Militær,manuell,butikkfunksjon/salg
Ingen. Sergent,1,Sersjant,Militær,regel,slumoffiser/frelsesarmé regnet hit; kan diskuteres
Ingeniørkaptain,1,Kaptein,Militær,manuell,
Kaptein i Arméen,1,Kaptein,Militær,regel,slumoffiser/frelsesarmé regnet hit; kan diskuteres
Kaptein i Frelses armeen,1,Kaptein i Frelsesarmeen,Frie yrker,regel,slumoffiser/frelsesarmé regnet hit; kan diskuteres
Kaptein i Infanteriet,1,Kaptein,Militær,regel,slumoffiser/frelsesarmé regnet hit; kan diskuteres
Kaptein i infanteriet,1,Kaptein,Militær,regel,slumoffiser/frelsesarmé regnet hit; kan diskuteres
"Kaptein, Skolechef",1,Kaptein,Militær,manuell,
Kommadersergent,1,Sersjant,Militær,regel,slumoffiser/frelsesarmé regnet hit; kan diskuteres
Konstabel i marinen,1,Konstabel (Marinen),Militær,manuell,
Major i Intendanturkorpset,1,Major,Militær,regel,slumoffiser/frelsesarmé regnet hit; kan diskuteres
"Militær, Musikelev",1,Musikelev (militær),Militær,regel,slumoffiser/frelsesarmé regnet hit; kan diskuteres
Musikelev Bestillingsmand i statens tj.,1,Musikelev (militær),Militær,regel,slumoffiser/frelsesarmé regnet hit; kan diskuteres
Musikelev Militær,1,Musikelev (militær),Militær,regel,slumoffiser/frelsesarmé regnet hit; kan diskuteres
Musikfurer,1,Musikfurer,Militær,regel,"fallback-regel, sjekket manuelt"
Musikkorporal og Sadelmagermester,1,Musikkorporal,Militær,regel,lærling uten fag: antatt håndverk
"Musiksergeant, - Markør",1,Musikksersjant,Militær,regel,"fallback-regel, sjekket manuelt"
Musiksergent og Handelsmand,1,Musikksersjant,Militær,regel,slumoffiser/frelsesarmé regnet hit; kan diskuteres
Musiksergiant v/ Infanteri,1,Musikksersjant,Militær,regel,slumoffiser/frelsesarmé regnet hit; kan diskuteres
Mussikkorpral,1,Musikkorporal,Militær,regel,"fallback-regel, sjekket manuelt"
Premierløitnant (stadig tjenestgjørende),1,Premierløitnant,Militær,regel,slumoffiser/frelsesarmé regnet hit; kan diskuteres
"Premierløitnant i armeen. inspektionsoff. ved 1ste brigades, underofficersskole",1,Premierløitnant,Militær,regel,slumoffiser/frelsesarmé regnet hit; kan diskuteres
Premierløjtnant i infanteriet,1,Premierløitnant,Militær,regel,slumoffiser/frelsesarmé regnet hit; kan diskuteres
Premierløjtnant i Intendanturkorpset,1,Premierløitnant,Militær,regel,slumoffiser/frelsesarmé regnet hit; kan diskuteres
Sergeant,1,Sersjant,Militær,regel,"fallback-regel, sjekket manuelt"
Sergent & Gårdeier,1,Sersjant,Militær,regel,slumoffiser/frelsesarmé regnet hit; kan diskuteres
Sergent fhv. geværbm.,1,Sersjant,Militær,regel,slumoffiser/frelsesarmé regnet hit; kan diskuteres
Sergent og gårdbruger,1,Sersjant,Militær,regel,slumoffiser/frelsesarmé regnet hit; kan diskuteres
Sergent ved infanteriet,1,Sersjant,Militær,regel,slumoffiser/frelsesarmé regnet hit; kan diskuteres
Sersjant,1,Sersjant,Militær,regel,"fallback-regel, sjekket manuelt"
Sersjant; arbeider ved ælektricitetsverk,1,Sersjant,Militær,regel,"fallback-regel, sjekket manuelt"
Arbeider Brændvinssaml.,1,Arbeider ved brennevinssamlaget,Offentlig tjeneste,regel,"fallback-regel, sjekket manuelt"
Arbeider for Byn,1,Kommunearbeider,Offentlig tjeneste,regel,"fallback-regel, sjekket manuelt"
Arbeider for Fr.halds komune,1,Kommunearbeider,Offentlig tjeneste,regel,"fallback-regel, sjekket manuelt"
Arbeider for komunen,1,Kommunearbeider,Offentlig tjeneste,regel,"fallback-regel, sjekket manuelt"
Assistent fathigv,1,Assistent i fattigvesenet,Offentlig tjeneste,regel,"fallback-regel, sjekket manuelt"
Bestillingsmand for staten Bøssemager & handlende,1,Bestillingsmann,Offentlig tjeneste,regel,
Betjent ved Frh. Brændevinssamlag,1,Arbeider ved brennevinssamlaget,Offentlig tjeneste,regel,"fallback-regel, sjekket manuelt"
Borgermester,1,Borgermester,Offentlig tjeneste,regel,"fallback-regel, sjekket manuelt"
"Brandmester, Bestillingsmand i Kommunen",1,Brannmester,Offentlig tjeneste,regel,
Byfogedkontorist,1,Byfogdkontorist,Offentlig tjeneste,regel,
Bytjener,1,Rettsbetjent,Offentlig tjeneste,manuell,
Dag-Arbeider for Komunen,1,Kommunearbeider,Offentlig tjeneste,regel,"fallback-regel, sjekket manuelt"
Edsv. fuldm. hos sorenskriver,1,Sorenskriverfullmektig,Offentlig tjeneste,regel,
Embedsmand. Toldinspectør,1,Tollinspektør,Offentlig tjeneste,regel,
Fattigforstander,1,Fattigforstander,Offentlig tjeneste,regel,
forh. Komunearbeider,1,Forsørget,Forsørget,regel,"fallback-regel, sjekket manuelt"
Graver v/ Kirkegaard,1,Graver,Offentlig tjeneste,regel,"fallback-regel, sjekket manuelt"
Husbestyrer 4 kr pr Mnd af fattighuset,1,Understøttes av fattigvesen,Forsørget,regel,
Indrulleringsbetjent,1,Innrulleringsbetjent,Offentlig tjeneste,regel,
"Kirketjener, begravelsesbureau",1,Kirketjener,Offentlig tjeneste,regel,
Klokker og Huseier,1,Klokker,Offentlig tjeneste,manuell,
Kommunearbeider ved Veivæsenet,1,Kommunearbeider,Offentlig tjeneste,regel,
Kommunens veivæsen Dagarbeider,1,Kommunearbeider,Offentlig tjeneste,regel,
Komunearbeider,1,Kommunearbeider,Offentlig tjeneste,regel,"fallback-regel, sjekket manuelt"
Kontorist ved Magistratskontor,1,Magistratskontorist,Offentlig tjeneste,regel,
Kontrolbetjent i Toldetaten,1,Kontrollbetjent i Tolletaten,Offentlig tjeneste,regel,
leiet Toldopsynsmand,1,Tolloppsynsmann,Offentlig tjeneste,regel,
Lensmandsfuldmægtig,1,Lensmannsfullmektig,Offentlig tjeneste,regel,
Länsman,1,Lensmann,Offentlig tjeneste,regel,"fallback-regel, sjekket manuelt"
Maltkontrollør & leiet Toldbetjent,1,Tollbetjent,Offentlig tjeneste,regel,
Opsynsmand i Fr.stens Fæstning,1,Oppsynsmann i Fredriksten festning,Militær,regel,
Opsynsmand ved et frivilligt Arbeidshus,1,Oppsynsmann arbeidshus,Offentlig tjeneste,regel,
Opsynsmand ved fattighus,1,Oppsynsmann fattighus,Offentlig tjeneste,regel,
Politimester,1,Politimester,Offentlig tjeneste,regel,
Postbetjent,1,Postbetjent,Offentlig tjeneste,regel,"fallback-regel, sjekket manuelt"
Postexpeditør,1,Postekspeditør,Offentlig tjeneste,regel,
Postfuldmægtig,1,Postfullmektig,Offentlig tjeneste,regel,
Postmester,1,Postmester,Offentlig tjeneste,regel,"fallback-regel, sjekket manuelt"
Samlagsbetjent,1,Arbeider ved brennevinssamlaget,Offentlig tjeneste,regel,"fallback-regel, sjekket manuelt"
Slutter,1,Fengselsbetjent,Offentlig tjeneste,regel,
Sorenskriver,1,Sorenskriver,Offentlig tjeneste,regel,
Stadsveier,1,Offentlig veier,Offentlig tjeneste,regel,"fallback-regel, sjekket manuelt"
Tolbetjændt,1,Tollbetjent,Offentlig tjeneste,regel,"fallback-regel, sjekket manuelt"
Toldassistent,1,Tollassistent,Offentlig tjeneste,regel,
Toldcontrollør,1,Tollkontrollør,Offentlig tjeneste,regel,
Toldkasserer,1,Tollkasserer,Offentlig tjeneste,regel,
Toldkontorist,1,Tollkontorist,Offentlig tjeneste,regel,
Tolopsynsmand,1,Tolloppsynsmann,Offentlig tjeneste,regel,
"Underfoged og vagtmester, Overmaaler, Hovedstevnevidne, Havnekasserer, Forligelseskommissær",1,Retts- og kommuneadministrasjon,Offentlig tjeneste,manuell,
Vagtm. ved folkeskolen,1,Skolvaktmester,Offentlig tjeneste,manuell,
Vagtmand i Tabernaklet,1,Vaktmann,Frie yrker,regel,"fallback-regel, sjekket manuelt"
Vagtmand ved bryggen,1,Vaktmann,Frie yrker,regel,"fallback-regel, sjekket manuelt"
Vagtmester paa Folkeskole,1,Skolvaktmester,Offentlig tjeneste,manuell,
Veiformand,1,Veiarbeid / Veioppsyn,Offentlig tjeneste,manuell,
Veiopsynsmand for Smaalenene,1,Veiarbeid / Veioppsyn,Offentlig tjeneste,regel,
Veivogter,1,Veiarbeid / Veioppsyn,Offentlig tjeneste,regel,"fallback-regel, sjekket manuelt"
2den Styrmand,1,Styrmann,Sjøfart,regel,fyrbøder antatt til sjøs; tvil der kontekst mangler
3 kl. Maskjinist pr. Dampskib,1,Maskinist (skip),Sjøfart,regel,fyrbøder antatt til sjøs; tvil der kontekst mangler
"Agent, Skibsrehder",1,Skipsreder,Sjøfart,regel,donkeymann = maskinpasser om bord
alm. Sømand,1,Sjømann,Sjøfart,regel,fyrbøder antatt til sjøs; tvil der kontekst mangler
Arbeider ved Skipsværft Styrmand,1,Styrmann,Sjøfart,regel,fyrbøder antatt til sjøs; tvil der kontekst mangler
"Arbeider, sjauer",1,Stuer/bryggearbeider,Sjøfart,regel,
Dampskibsarbeider,1,Stuer/bryggearbeider,Sjøfart,regel,fyrbøder antatt til sjøs; tvil der kontekst mangler
"Dampskibsarbeider, sjauer ombord",1,Stuer/bryggearbeider,Sjøfart,regel,fyrbøder antatt til sjøs; tvil der kontekst mangler
Dampskibsexpeditør,1,Dampskipsekspeditør,Sjøfart,manuell,butikkfunksjon/salg
DampskibsFyrbytter,1,Fyrbøter (skip),Sjøfart,regel,fyrbøder antatt til sjøs; tvil der kontekst mangler
DampskibsMasinist,1,Maskinist (skip),Sjøfart,regel,fyrbøder antatt til sjøs; tvil der kontekst mangler
Dampskibsmaskinist,1,Maskinist (skip),Sjøfart,regel,fyrbøder antatt til sjøs; tvil der kontekst mangler
Deksmand paa s/s Tista,1,Sjømann,Sjøfart,regel,donkeymann = maskinpasser om bord
Deleier i Firmaet P. Bergman Mel & Kornvarer en gross Dampskibsexpeditør,1,Interessent/deleier,Sjøfart,manuell,butikkfunksjon/salg
Disponent for dampskibsrederi,1,Disponent,Sjøfart,regel,"reder/megler er forretning, ikke mannskap"
Donkeymand,1,Donkeymann,Sjøfart,regel,donkeymann = maskinpasser om bord
Dæksgut med Dampbaad Trug,1,Dekksgutt,Sjøfart,regel,donkeymann = maskinpasser om bord
dæksmand,1,Sjømann,Sjøfart,regel,donkeymann = maskinpasser om bord
Enkefru Intresent i Firma P. Bergman Mel & Kornforr. Dampskibsexp.,1,Interessent/deleier,Frie yrker,manuell,butikkfunksjon/salg
Enkefrue Deleier i Firmaet P. Bergman Mel & Kornvarer en gross Dampskibsexpeditør,1,Interessent/deleier,Frie yrker,manuell,butikkfunksjon/salg
"Fhv Sømand Styrmand, nu ledighedsvis Dagarbeider",1,Dagarbeider,Dagarbeid,regel,fyrbøder antatt til sjøs; tvil der kontekst mangler
Fhv: Skibsfører. - Lever af sin Formue,1,Lever av egne midler,Forsørget,regel,fyrbøder antatt til sjøs; tvil der kontekst mangler
Fhv. skibsfører,1,Forsørget,Forsørget,regel,fyrbøder antatt til sjøs; tvil der kontekst mangler
Fhv. skibsfører nu cafévert,1,Kafévert/-vertinne,Mat og drikke,regel,fyrbøder antatt til sjøs; tvil der kontekst mangler
Fhv. Skipper skibsfører Lever af sine midler,1,Lever av egne midler,Forsørget,regel,fyrbøder antatt til sjøs; tvil der kontekst mangler
Fhv. Sømand. Lidt Dagarbejde og forøvrigt Fattigunderstøttelse,1,Understøttes av fattigvesen,Forsørget,regel,fyrbøder antatt til sjøs; tvil der kontekst mangler
Forhenverende Matros,1,Forsørget,Forsørget,regel,fyrbøder antatt til sjøs; tvil der kontekst mangler
Forhenværende Skbs-tømmermand,1,Forsørget,Forsørget,regel,donkeymann = maskinpasser om bord
forhenværende skibsfører,1,Forsørget,Forsørget,regel,fyrbøder antatt til sjøs; tvil der kontekst mangler
Forhenværende Skipper,1,Forsørget,Forsørget,regel,donkeymann = maskinpasser om bord
Forhenværende Styrmand nu understøttes af fattigvæsenet,1,Understøttes av fattigvesen,Forsørget,regel,fyrbøder antatt til sjøs; tvil der kontekst mangler
Forhenværende sømand %Styrmand% nu understøttes af fattigvæsenet,1,Understøttes av fattigvesen,Forsørget,regel,fyrbøder antatt til sjøs; tvil der kontekst mangler
Forsørget af Skibsfører,1,Forsørges av familie/privat,Forsørget,regel,fyrbøder antatt til sjøs; tvil der kontekst mangler
Forsørget af Sømand,1,Forsørges av familie/privat,Forsørget,regel,fyrbøder antatt til sjøs; tvil der kontekst mangler
fv. skibsfører,1,Forsørget,Forsørget,regel,fyrbøder antatt til sjøs; tvil der kontekst mangler
fv. Skipper,1,Forsørget,Forsørget,regel,donkeymann = maskinpasser om bord
Fyrbøder Gasværket,1,Fyrbøter (industri),Industri,regel,fyrbøder antatt til sjøs; tvil der kontekst mangler
Fyrbøder Mek Værkst Lærl,1,Fyrbøter (industri),Industri,regel,fyrbøder antatt til sjøs; tvil der kontekst mangler
Fyrbøder paa Dampskib,1,Fyrbøter (skip),Sjøfart,regel,fyrbøder antatt til sjøs; tvil der kontekst mangler
Fyrbøder paa dampskib,1,Fyrbøter (skip),Sjøfart,regel,fyrbøder antatt til sjøs; tvil der kontekst mangler
Fyrbøder paa Damskib,1,Fyrbøter (skip),Sjøfart,regel,fyrbøder antatt til sjøs; tvil der kontekst mangler
Fyrbøder paa Gardinfabrikken,1,Fyrbøter (industri),Industri,regel,fyrbøder antatt til sjøs; tvil der kontekst mangler
fyrbøder skofabrik,1,Fyrbøter (industri),Industri,regel,fyrbøder antatt til sjøs; tvil der kontekst mangler
Fyrbøder ved Gasværket i Frhald,1,Fyrbøter (industri),Industri,regel,fyrbøder antatt til sjøs; tvil der kontekst mangler
Gårdeier & Sømand,1,Sjømann,Sjøfart,regel,fyrbøder antatt til sjøs; tvil der kontekst mangler
Gårdeier og Skibstømmermand,1,Skipstømmermann,Sjøfart,regel,fyrbøder antatt til sjøs; tvil der kontekst mangler
Jungmand,1,Jungmann,Sjøfart,regel,fyrbøder antatt til sjøs; tvil der kontekst mangler
Jungmand med Skib herfra,1,Jungmann,Sjøfart,regel,fyrbøder antatt til sjøs; tvil der kontekst mangler
Kok tilsøs,1,Skipskokk,Sjøfart,regel,donkeymann = maskinpasser om bord
"Komunens Tjeneste fhv Skibskaptein, Tilsynsmand ved kommunens Tomter og paa Mølen",1,Tilsynsmann,Offentlig tjeneste,regel,fyrbøder antatt til sjøs; tvil der kontekst mangler
Let Matros,1,Lettmatros,Sjøfart,regel,fyrbøder antatt til sjøs; tvil der kontekst mangler
Letmatros,1,Lettmatros,Sjøfart,regel,fyrbøder antatt til sjøs; tvil der kontekst mangler
Lokomotivfyrbøder,1,Lokomotivfyrbøter,Transport,regel,fyrbøder antatt til sjøs; tvil der kontekst mangler
Masinnist Dampskib,1,Maskinist (skip),Sjøfart,regel,fyrbøder antatt til sjøs; tvil der kontekst mangler
Maskinist 'F.hald No 1',1,Maskinist (skip),Sjøfart,manuell,TVIL: antatt fartøyet 'F.hald No 1'
Maskinist Dampskib,1,Maskinist (skip),Sjøfart,regel,fyrbøder antatt til sjøs; tvil der kontekst mangler
Maskinist dampskib,1,Maskinist (skip),Sjøfart,regel,fyrbøder antatt til sjøs; tvil der kontekst mangler
Maskinist og Fyrbødter,1,Maskinist (skip),Sjøfart,manuell,TVIL: fyrbøter antatt til sjøs
Maskinist ombord i D/Skib,1,Maskinist (skip),Sjøfart,regel,fyrbøder antatt til sjøs; tvil der kontekst mangler
Maskinist paa dampskib,1,Maskinist (skip),Sjøfart,regel,fyrbøder antatt til sjøs; tvil der kontekst mangler
Maskinist på damskib,1,Maskinist (skip),Sjøfart,manuell,
Maskinist paa Tryg,1,Maskinist (skip),Sjøfart,manuell,Tryg' antatt fartøysnavn
Maskinist ved Dampskib,1,Maskinist (skip),Sjøfart,regel,fyrbøder antatt til sjøs; tvil der kontekst mangler
Maskinist ved dampskib,1,Maskinist (skip),Sjøfart,regel,fyrbøder antatt til sjøs; tvil der kontekst mangler
"Maskinist, Dampskib",1,Maskinist (skip),Sjøfart,regel,fyrbøder antatt til sjøs; tvil der kontekst mangler
matros,1,Matros,Sjøfart,regel,fyrbøder antatt til sjøs; tvil der kontekst mangler
Matros med Skib fra Sarpsborg,1,Matros,Sjøfart,regel,fyrbøder antatt til sjøs; tvil der kontekst mangler
Matros Pr. Seilskib,1,Matros,Sjøfart,regel,fyrbøder antatt til sjøs; tvil der kontekst mangler
Matros paa Dampskib,1,Matros,Sjøfart,regel,fyrbøder antatt til sjøs; tvil der kontekst mangler
Matros paa seilskib,1,Matros,Sjøfart,regel,fyrbøder antatt til sjøs; tvil der kontekst mangler
Restauratrice på dampskib,1,Restauratrise (skip),Sjøfart,regel,fyrbøder antatt til sjøs; tvil der kontekst mangler
S/S Fyrbøder,1,Fyrbøter (skip),Sjøfart,regel,fyrbøder antatt til sjøs; tvil der kontekst mangler
Seilmager paa Skib,1,Seilmaker,Sjøfart,regel,fyrbøder antatt til sjøs; tvil der kontekst mangler
SeilSkibskaptein,1,Skipsfører,Sjøfart,regel,fyrbøder antatt til sjøs; tvil der kontekst mangler
Sjømand - Matros,1,Matros,Sjøfart,regel,fyrbøder antatt til sjøs; tvil der kontekst mangler
Sjømand - Skibsfører,1,Skipsfører,Sjøfart,regel,fyrbøder antatt til sjøs; tvil der kontekst mangler
Sjømand Styrmand,1,Styrmann,Sjøfart,regel,fyrbøder antatt til sjøs; tvil der kontekst mangler
Sjømand; matros,1,Matros,Sjøfart,regel,fyrbøder antatt til sjøs; tvil der kontekst mangler
Skibs Kapttein Seilskib,1,Skipsfører,Sjøfart,regel,fyrbøder antatt til sjøs; tvil der kontekst mangler
Skibs tømmermand,1,Skipstømmermann,Sjøfart,regel,donkeymann = maskinpasser om bord
Skibscapt. og Gaardejer,1,Skipsfører,Sjøfart,manuell,
Skibscaptein,1,Skipsfører,Sjøfart,regel,donkeymann = maskinpasser om bord
skibsfører,1,Skipsfører,Sjøfart,regel,fyrbøder antatt til sjøs; tvil der kontekst mangler
Skibsfører & Reder,1,Skipsfører,Sjøfart,manuell,
Skibsfører F.t. 'uden Empløi',1,Skipsfører,Sjøfart,regel,fyrbøder antatt til sjøs; tvil der kontekst mangler
Skibsfører Seilskib,1,Skipsfører,Sjøfart,regel,fyrbøder antatt til sjøs; tvil der kontekst mangler
Skibsgut,1,Dekksgutt,Sjøfart,regel,fyrbøder antatt til sjøs; tvil der kontekst mangler
Skibskok ved seilskib,1,Skipskokk,Sjøfart,regel,fyrbøder antatt til sjøs; tvil der kontekst mangler
SkibsTømmermand,1,Skipstømmermann,Sjøfart,regel,fyrbøder antatt til sjøs; tvil der kontekst mangler
SkibstømmerMand,1,Skipstømmermann,Sjøfart,regel,fyrbøder antatt til sjøs; tvil der kontekst mangler
skibstømmermand,1,Skipstømmermann,Sjøfart,regel,fyrbøder antatt til sjøs; tvil der kontekst mangler
Skibstømmermand samt Gaardejer,1,Skipstømmermann,Sjøfart,regel,fyrbøder antatt til sjøs; tvil der kontekst mangler
Skipper,1,Skipsfører,Sjøfart,regel,fyrbøder antatt til sjøs; tvil der kontekst mangler
Skipper på indsjødamper,1,Skipsfører,Sjøfart,regel,fyrbøder antatt til sjøs; tvil der kontekst mangler
Skipperborger,1,Skipsfører,Sjøfart,regel,fyrbøder antatt til sjøs; tvil der kontekst mangler
Skipperborger & Sunhedsassistent,1,Skipsfører,Sjøfart,regel,fyrbøder antatt til sjøs; tvil der kontekst mangler
Skipstømmermand,1,Skipstømmermann,Sjøfart,regel,donkeymann = maskinpasser om bord
Skjøman Dæksgut,1,Dekksgutt,Sjøfart,regel,donkeymann = maskinpasser om bord
Stuer ombord i Skibe og Husejer,1,Stuer/bryggearbeider,Sjøfart,regel,fyrbøder antatt til sjøs; tvil der kontekst mangler
Stuer Seil og Dampskib,1,Stuer/bryggearbeider,Sjøfart,regel,fyrbøder antatt til sjøs; tvil der kontekst mangler
Stuer-Arbeider,1,Stuer/bryggearbeider,Sjøfart,regel,"fallback-regel, sjekket manuelt"
StuerArbeider,1,Stuer/bryggearbeider,Sjøfart,regel,
Stuerarbeider paa Skibene,1,Stuer/bryggearbeider,Sjøfart,regel,fyrbøder antatt til sjøs; tvil der kontekst mangler
Stuert med Dampskib Ansgar,1,Stuert,Sjøfart,regel,fyrbøder antatt til sjøs; tvil der kontekst mangler
"Stuert, med Seilskibe søman",1,Stuert,Sjøfart,regel,fyrbøder antatt til sjøs; tvil der kontekst mangler
Stuver Arbeider,1,Stuer/bryggearbeider,Sjøfart,regel,"fallback-regel, sjekket manuelt"
StyerArbeider,1,Stuer/bryggearbeider,Sjøfart,regel,"fallback-regel, sjekket manuelt"
Styrman & Arbeider,1,Styrmann,Sjøfart,regel,donkeymann = maskinpasser om bord
Styrmand dampskib,1,Styrmann,Sjøfart,regel,fyrbøder antatt til sjøs; tvil der kontekst mangler
Styrmand med seilskib France,1,Styrmann,Sjøfart,regel,fyrbøder antatt til sjøs; tvil der kontekst mangler
Styrmand med Skib fra Frhald,1,Styrmann,Sjøfart,regel,fyrbøder antatt til sjøs; tvil der kontekst mangler
Styrmand paa Dampskib,1,Styrmann,Sjøfart,regel,fyrbøder antatt til sjøs; tvil der kontekst mangler
"Styrmand, Seilskib",1,Styrmann,Sjøfart,regel,fyrbøder antatt til sjøs; tvil der kontekst mangler
Søfarende Dreng,1,Dekksgutt,Sjøfart,regel,fyrbøder antatt til sjøs; tvil der kontekst mangler
Sømand & Handelsm.,1,Sjømann,Sjøfart,regel,fyrbøder antatt til sjøs; tvil der kontekst mangler
Sømand Dampskibsfører,1,Dampskipsfører,Sjøfart,regel,fyrbøder antatt til sjøs; tvil der kontekst mangler
Sømand jungmand,1,Jungmann,Sjøfart,regel,fyrbøder antatt til sjøs; tvil der kontekst mangler
Sømand matros,1,Matros,Sjøfart,regel,fyrbøder antatt til sjøs; tvil der kontekst mangler
Sømand Matros med Skib fra Frhald,1,Matros,Sjøfart,regel,fyrbøder antatt til sjøs; tvil der kontekst mangler
Sømand Matros med Xania?? Skib,1,Matros,Sjøfart,regel,fyrbøder antatt til sjøs; tvil der kontekst mangler
Sømand med Seilskib. Matros,1,Matros,Sjøfart,regel,fyrbøder antatt til sjøs; tvil der kontekst mangler
Sømand og bryggearbeider,1,Sjømann,Sjøfart,regel,fyrbøder antatt til sjøs; tvil der kontekst mangler
Sømand og Saugbrugsarbeider,1,Sjømann,Sjøfart,regel,fyrbøder antatt til sjøs; tvil der kontekst mangler
Sømand og Stuerarbeid,1,Sjømann,Sjøfart,regel,fyrbøder antatt til sjøs; tvil der kontekst mangler
Sømand Skibsgut,1,Sjømann,Sjøfart,regel,fyrbøder antatt til sjøs; tvil der kontekst mangler
Sømand Tømmermand,1,Skipstømmermann,Sjøfart,regel,fyrbøder antatt til sjøs; tvil der kontekst mangler
"Sømand, Arrestant",1,Sjømann,Sjøfart,regel,fyrbøder antatt til sjøs; tvil der kontekst mangler
"Sømand, tømmermand",1,Skipstømmermann,Sjøfart,regel,fyrbøder antatt til sjøs; tvil der kontekst mangler
Sømand. letmatros,1,Lettmatros,Sjøfart,regel,fyrbøder antatt til sjøs; tvil der kontekst mangler
Sømand. Stuert,1,Stuert,Sjøfart,regel,fyrbøder antatt til sjøs; tvil der kontekst mangler
Søn og Skibscaptein,1,Skipsfører,Sjøfart,regel,donkeymann = maskinpasser om bord
Søn og Sømand,1,Sjømann,Sjøfart,regel,fyrbøder antatt til sjøs; tvil der kontekst mangler
Tømmermand Skibs,1,Skipstømmermann,Sjøfart,manuell,
Tømmermand. Skibstømmermand,1,Skipstømmermann,Sjøfart,regel,fyrbøder antatt til sjøs; tvil der kontekst mangler
Barn Skoleelev,1,Skolebarn,Skoleelev,regel,
Datter - Skolegut!!,1,Skolebarn,Skoleelev,regel,"fallback-regel, sjekket manuelt"
Datter - Skolepige,1,Skolebarn,Skoleelev,regel,
Datter - Skolesøgende,1,Skolebarn,Skoleelev,regel,
elev af latingymnasiet,1,Gymnasiast,Skoleelev,regel,
Elev af styrmandsskole,1,Sjøfartselev,Skoleelev,regel,
Elev v/ 1te Gymnasie,1,Gymnasiast,Skoleelev,regel,
Gymnasiast,1,Gymnasiast,Skoleelev,regel,
Gymnasiastelev,1,Gymnasiast,Skoleelev,regel,
gaar paa skolen,1,Skolebarn,Skoleelev,regel,
gaar til konfirmation,1,Skolebarn,Skoleelev,regel,
Haandarbeidsskole elev,1,Håndarbeidselev,Skoleelev,regel,"fallback-regel, sjekket manuelt"
Industriskole,1,Industriskoleelev,Skoleelev,regel,"fallback-regel, sjekket manuelt"
intet Skolebarn,1,Skolebarn,Skoleelev,regel,
Læser til Artium,1,Gymnasiast,Skoleelev,regel,
Privat Skole,1,Skolebarn,Skoleelev,regel,
privat skole,1,Skolebarn,Skoleelev,regel,
Skoedecipel,1,Skolebarn,Skoleelev,regel,"fallback-regel, sjekket manuelt"
Skole Gymnasiast,1,Gymnasiast,Skoleelev,regel,
Skoledecipel!!,1,Skolebarn,Skoleelev,regel,
skoleelev,1,Skolebarn,Skoleelev,regel,
Skoleelev. Gymnasiast,1,Gymnasiast,Skoleelev,regel,
Skolegut - Søn,1,Skolebarn,Skoleelev,regel,"fallback-regel, sjekket manuelt"
Skolesøgende - Dattersøn,1,Skolesøkende,Skoleelev,regel,"fallback-regel, sjekket manuelt"
Skolesøgende %Søn%,1,Skolesøkende,Skoleelev,regel,"fallback-regel, sjekket manuelt"
Skolesøgende Søn,1,Skolesøkende,Skoleelev,regel,"fallback-regel, sjekket manuelt"
Skollepligtig,1,Skolebarn,Skoleelev,manuell,
Styrmandsskoleelev,1,Sjøfartselev,Skoleelev,regel,
Søn Skolegut,1,Skolebarn,Skoleelev,regel,
"to Skolepligtige, Datter",1,Skolebarn,Skoleelev,regel,"fallback-regel, sjekket manuelt"
Arbske i Modeforretning,1,Motehandler,Tekstil og søm,regel,
beskjeftiget ved linsøm-forretning,1,Syforretning,Tekstil og søm,regel,
Dameskrædderinde,1,Motehandler,Tekstil og søm,regel,
Damesøm,1,Sypike/syerske,Tekstil og søm,regel,
Datter Sylære,1,Sypike/syerske,Tekstil og søm,regel,"fallback-regel, sjekket manuelt"
Deltager i Broderiforretning,1,Syforretning,Tekstil og søm,regel,
Driver med Linsøm,1,Sypike/syerske,Tekstil og søm,regel,
Egen Syforretning,1,Syforretning,Tekstil og søm,regel,
Gaardeier og Skrædder egen forretning,1,Skreddermester,Tekstil og søm,regel,
har Strygeforretning,1,Strykerske,Tekstil og søm,regel,
Hue-sømmerske hos Eliassen,1,Sypike/syerske,Tekstil og søm,regel,
Huseier & Sypige,1,Sypike/syerske,Tekstil og søm,regel,
Huseierske Kjolesyerske,1,Sypike/syerske,Tekstil og søm,regel,
Husgjerning og strygning,1,Strykerske,Tekstil og søm,manuell,yrket vinner over familiestilling
Husgjerning og søm,1,Sypike/syerske,Tekstil og søm,manuell,yrket vinner over familiestilling
Husgjerning og Sømmerske,1,Sypike/syerske,Tekstil og søm,manuell,yrket vinner over familiestilling
Husgjærning og Søm,1,Sypike/syerske,Tekstil og søm,manuell,yrket vinner over familiestilling
Husmor Strygerske,1,Strykerske,Tekstil og søm,manuell,yrket vinner over familiestilling
Husstel og Syerske,1,Sypike/syerske,Tekstil og søm,manuell,yrket vinner over familiestilling
Husstel Spinderske,1,Spinnerske,Tekstil og søm,manuell,yrket vinner over familiestilling
Hustru og Syerske,1,Sypike/syerske,Tekstil og søm,manuell,yrket vinner over familiestilling
Hustru Tilsyer ved Foretning,1,Sypike/syerske,Tekstil og søm,manuell,yrket vinner over familiestilling
Haandarbeide Broderi & c.,1,Sypike/syerske,Tekstil og søm,regel,
Haandarbeide Søm af slips & c.,1,Søm av slips,Tekstil og søm,regel,
Haandstrikning,1,Strikkerske,Tekstil og søm,regel,
Haanvæver og syr undertøi,1,Sypike/syerske,Tekstil og søm,regel,
Kjole Søm,1,Sypike/syerske,Tekstil og søm,regel,
Kjolesyerske,1,Sypike/syerske,Tekstil og søm,regel,
Klædesømmerske,1,Sypike/syerske,Tekstil og søm,regel,
Kaabesømelev,1,Sypike/syerske,Tekstil og søm,regel,"fallback-regel, sjekket manuelt"
Kaabesømmerske,1,Sypike/syerske,Tekstil og søm,regel,
Linsyerske. - Egen Forretning,1,Sypike/syerske,Tekstil og søm,regel,
Maskinstrikning,1,Strikkerske,Tekstil og søm,regel,
Modehandlerinde Egen forretning,1,Motehandler,Tekstil og søm,regel,
Skrædder - Tilskjærer,1,Skredder,Tekstil og søm,regel,
Skrædder for egen regning,1,Skredder,Tekstil og søm,regel,
Skrædder S (ondt i venstre arm),1,Skredder,Tekstil og søm,regel,
Skrædder Skræddersvend,1,Skreddersvenn,Tekstil og søm,regel,
Skrædderforretning,1,Skredder,Tekstil og søm,regel,
Skrædderlærling,1,Skredderlærling,Tekstil og søm,regel,
Skrædderm,1,Skreddermester,Tekstil og søm,regel,
Skræddermester & Huseier,1,Skreddermester,Tekstil og søm,regel,
Skræddermester Egen forretning,1,Skreddermester,Tekstil og søm,regel,
Skræddermester egen regning,1,Skreddermester,Tekstil og søm,regel,
Skræddermester for egen regning,1,Skreddermester,Tekstil og søm,regel,
Skräddersvend,1,Skreddersvenn,Tekstil og søm,regel,"markør = biljardmarkør, håndverk-ish; tvil"
Skræddersvend hos W Johannesen,1,Skreddersvenn,Tekstil og søm,regel,
Strikeforetning,1,Strikkerske,Tekstil og søm,regel,"fallback-regel, sjekket manuelt"
Strikerske eget Erverv,1,Strikkerske,Tekstil og søm,regel,"fallback-regel, sjekket manuelt"
Strikkerske i Huset,1,Strikkerske,Tekstil og søm,regel,
Strikkerske v/ Strikkeforr.,1,Strikkerske,Tekstil og søm,regel,
"Strikkerske, strømper",1,Strikkerske,Tekstil og søm,regel,
Strikning,1,Strikkerske,Tekstil og søm,regel,
Strikning for arbeidshus Fattigunderstøttet,1,Arbeidshus,Forsørget,regel,
Strikning m/ Maskin,1,Strikkerske,Tekstil og søm,regel,
Strygeforrætning e regn.,1,Strykerske,Tekstil og søm,regel,"fallback-regel, sjekket manuelt"
Strygekone,1,Strykerske,Tekstil og søm,regel,"fallback-regel, sjekket manuelt"
Strygepige,1,Strykerske,Tekstil og søm,regel,
Strygepige i Husene,1,Strykerske,Tekstil og søm,regel,
Stryger,1,Strykerske,Tekstil og søm,regel,"fallback-regel, sjekket manuelt"
Strygerske,1,Strykerske,Tekstil og søm,regel,"fallback-regel, sjekket manuelt"
Strykejomfru,1,Strykerske,Tekstil og søm,regel,"fallback-regel, sjekket manuelt"
Sy Elef,1,Sypike/syerske,Tekstil og søm,regel,"fallback-regel, sjekket manuelt"
Sydame eget erhværv,1,Sypike/syerske,Tekstil og søm,regel,
Syepige,1,Sypike/syerske,Tekstil og søm,regel,"fallback-regel, sjekket manuelt"
Syer hos Moderen,1,Sypike/syerske,Tekstil og søm,regel,"fallback-regel, sjekket manuelt"
Syer Undertøi for Butiker,1,Sypike/syerske,Tekstil og søm,regel,
Syerske egen syforretning,1,Sypike/syerske,Tekstil og søm,regel,
Syerske hjemme,1,Sypike/syerske,Tekstil og søm,regel,
Syerske i Hjemmet,1,Sypike/syerske,Tekstil og søm,regel,
Syforetning,1,Syforretning,Tekstil og søm,regel,"fallback-regel, sjekket manuelt"
Syforretning egen,1,Syforretning,Tekstil og søm,regel,
Syforretning Hustru,1,Syforretning,Tekstil og søm,regel,
Syjomfru for Egen regning,1,Sypike/syerske,Tekstil og søm,regel,
Sypige & tjener,1,Sypike/syerske,Tekstil og søm,regel,
Sypige elev,1,Sypike/syerske,Tekstil og søm,regel,
Sypige hos sydame,1,Sypike/syerske,Tekstil og søm,regel,
Sypige Kjolesøm,1,Sypike/syerske,Tekstil og søm,regel,
Sypige ude,1,Sypike/syerske,Tekstil og søm,regel,
"Sypige, kjolesøm",1,Sypike/syerske,Tekstil og søm,regel,
Syr damesøm,1,Sypike/syerske,Tekstil og søm,regel,
syr for butikker,1,Sypike/syerske,Tekstil og søm,regel,
syr i husene,1,Sypike/syerske,Tekstil og søm,regel,
syr Kjolesøm,1,Sypike/syerske,Tekstil og søm,regel,
Syverske %Pige%,1,Sypike/syerske,Tekstil og søm,regel,"fallback-regel, sjekket manuelt"
søm,1,Sypike/syerske,Tekstil og søm,regel,
Søm & Logi,1,Sypike/syerske,Tekstil og søm,regel,"fallback-regel, sjekket manuelt"
Søm af gutteklæder,1,Sypike/syerske,Tekstil og søm,regel,
Søm og Vask,1,Sypike/syerske,Tekstil og søm,regel,"fallback-regel, sjekket manuelt"
Sømerske,1,Sypike/syerske,Tekstil og søm,regel,"fallback-regel, sjekket manuelt"
Sømmerske pension,1,Sypike/syerske,Tekstil og søm,regel,
Udfører Strygningsarbeide,1,Strykerske,Tekstil og søm,regel,
Væverske og Husgjerning,1,Veverske,Tekstil og søm,manuell,yrket vinner over familiestilling
"Vævning, Vaskning & Strikning",1,Veverske,Tekstil og søm,regel,
Wæverske,1,Veverske,Tekstil og søm,manuell,
Arb-Vognmand,1,Vognmann/kjører,Transport,regel,"jernbane samlet her, også funksjonærene"
Arb. Kjører,1,Vognmann/kjører,Transport,regel,"jernbane samlet her, også funksjonærene"
Arb.vognmandsforretning og Husejerske,1,Vognmann/kjører,Transport,regel,"jernbane samlet her, også funksjonærene"
Arbeider Jernbane,1,Jernbanearbeider,Transport,regel,"jernbane samlet her, også funksjonærene"
Arbeider og Kjørerkarl,1,Vognmann/kjører,Transport,regel,"jernbane samlet her, også funksjonærene"
Arbeider ved privat jernbane,1,Jernbanearbeider,Transport,regel,"jernbane samlet her, også funksjonærene"
Arbeids - Kjører,1,Vognmann/kjører,Transport,regel,"jernbane samlet her, også funksjonærene"
Arbeids Kjører,1,Vognmann/kjører,Transport,regel,"jernbane samlet her, også funksjonærene"
Arbeids Kjører Gårdeier,1,Vognmann/kjører,Transport,regel,"jernbane samlet her, også funksjonærene"
Arbeids-Kjører for bygmester,1,Vognmann/kjører,Transport,regel,"jernbane samlet her, også funksjonærene"
Arbeids-Vognmand,1,Vognmann/kjører,Transport,regel,"jernbane samlet her, også funksjonærene"
Arbeidskjører,1,Vognmann/kjører,Transport,regel,"jernbane samlet her, også funksjonærene"
Arbeidskjører & Gårdeier,1,Vognmann/kjører,Transport,regel,"jernbane samlet her, også funksjonærene"
Arbeidskjøring,1,Vognmann/kjører,Transport,regel,schweitzer = portner/dørvakt
Avis Bud,1,Avisbud,Transport,regel,"jernbane samlet her, også funksjonærene"
avisbud,1,Avisbud,Transport,regel,"jernbane samlet her, også funksjonærene"
Avisbud for Amttidende,1,Avisbud,Transport,regel,"jernbane samlet her, også funksjonærene"
Avisbud. Off. understøttet,1,Avisbud,Transport,regel,"jernbane samlet her, også funksjonærene"
Baneformand,1,Baneformann (jernbane),Transport,manuell,bud/visergutt regnes som transport uansett arbeidssted
Banemester ved Smaalensbanen,1,Banemester (jernbane),Transport,manuell,bud/visergutt regnes som transport uansett arbeidssted
Banevogter,1,Banevokter (jernbane),Transport,regel,"jernbane samlet her, også funksjonærene"
Bankbud,1,Bankbud,Kontor og forvaltning,manuell,bud/visergutt regnes som transport uansett arbeidssted
Bro??formand ved Jernbanen,1,Brovokter (jernbane),Transport,regel,"jernbane samlet her, også funksjonærene"
Brovogter paa Jernbanen,1,Brovokter (jernbane),Transport,regel,"jernbane samlet her, også funksjonærene"
Brovogter ved Jerbanen,1,Brovokter (jernbane),Transport,regel,schweitzer = portner/dørvakt
Bruskjører f. mineralvandfabr,1,Bruskjører,Transport,manuell,kjøring regnes som transport uansett arbeidsgiver
Bryggesjauer,1,Stuer/bryggearbeider,Sjøfart,regel,"jernbane samlet her, også funksjonærene"
Brøddrager Arbeider,1,Brødbærer,Transport,regel,schweitzer = portner/dørvakt
Brødrager,1,Brødbærer,Transport,regel,"jernbane samlet her, også funksjonærene"
Bud i Kolonialforretning,1,Bud,Transport,manuell,bud/visergutt regnes som transport uansett arbeidssted
Bud v. jernbanest.,1,Bud,Transport,regel,"jernbane samlet her, også funksjonærene"
Enke Kjøreforretning,1,Kjøreforretning,Transport,manuell,kjøring regnes som transport uansett arbeidsgiver
Extramand ved Fr.halds jernbanestation Fh. St.,1,Stasjonsarbeider (jernbane),Transport,regel,"jernbane samlet her, også funksjonærene"
Fabrikkjørrer,1,Vognmann/kjører,Transport,manuell,kjøring regnes som transport uansett arbeidsgiver
Fiskebærer og visergut,1,Fiskebører,Transport,regel,"jernbane samlet her, også funksjonærene"
forhenv. visergut,1,Forsørget,Forsørget,regel,"jernbane samlet her, også funksjonærene"
Gaardsgut Kjørekarl,1,Vognmann/kjører,Transport,regel,"jernbane samlet her, også funksjonærene"
Hotel-Bud,1,Bud,Transport,manuell,bud/visergutt regnes som transport uansett arbeidssted
Jernbane - Stationsbetjent,1,Stasjonbetjent (jernbane),Transport,regel,"jernbane samlet her, også funksjonærene"
Jernbane konduktør,1,Konduktør (jernbane),Transport,regel,"jernbane samlet her, også funksjonærene"
Jernbane Stationsarbeider,1,Stasjonsarbeider (jernbane),Transport,regel,"jernbane samlet her, også funksjonærene"
Jernbanearbeider med Grusning,1,Jernbanearbeider,Transport,regel,"jernbane samlet her, også funksjonærene"
Jernbaneformand,1,Jernbaneformann,Transport,manuell,bud/visergutt regnes som transport uansett arbeidssted
Jernbaneingeniør,1,Jernbaneingeniør,Transport,regel,prester og forkynnere ligger her; egen kategori mulig
Jernbanekonduktør,1,Konduktør (jernbane),Transport,regel,"jernbane samlet her, også funksjonærene"
Jernbanetationsbetjent,1,Stasjonbetjent (jernbane),Transport,regel,"jernbane samlet her, også funksjonærene"
Jernbrugskjører,1,Vognmann/kjører,Transport,regel,"jernbane samlet her, også funksjonærene"
Kjørekarl %hos C Olsen% Kul & Trælastforretning,1,Kullkjører,Transport,manuell,kjøring regnes som transport uansett arbeidsgiver
Kjørekarl hos Amundsen,1,Vognmann/kjører,Transport,regel,"jernbane samlet her, også funksjonærene"
Kjørekarl hos P. Bergman,1,Vognmann/kjører,Transport,regel,"jernbane samlet her, også funksjonærene"
Kjører & Vagtmand paa Kirkegaarden,1,Vognmann/kjører,Transport,regel,"jernbane samlet her, også funksjonærene"
Kjører eget Erverv,1,Vognmann/kjører,Transport,regel,"jernbane samlet her, også funksjonærene"
Kjører f. melforretning,1,Vognmann/kjører,Transport,manuell,kjøring regnes som transport uansett arbeidsgiver
Kjører for Faderen,1,Vognmann/kjører,Transport,regel,"jernbane samlet her, også funksjonærene"
Kjører for mineralvandfabrik,1,Vognmann/kjører,Transport,manuell,kjøring regnes som transport uansett arbeidsgiver
Kjører hos C. Olsen,1,Vognmann/kjører,Transport,regel,"jernbane samlet her, også funksjonærene"
Kjører hos dampskibsekp.,1,Vognmann/kjører,Transport,manuell,kjøring regnes som transport uansett arbeidsgiver
Kjører hos en Jordbruger,1,Vognmann/kjører,Transport,regel,"jernbane samlet her, også funksjonærene"
Kjører hos faderen,1,Vognmann/kjører,Transport,regel,"jernbane samlet her, også funksjonærene"
Kjører i Trælastforretning,1,Vognmann/kjører,Transport,manuell,kjøring regnes som transport uansett arbeidsgiver
Kjører på Haldens Spinderi,1,Vognmann/kjører,Transport,manuell,kjøring regnes som transport uansett arbeidsgiver
Kjører på Komunal mølle,1,Vognmann/kjører,Transport,manuell,kjøring regnes som transport uansett arbeidsgiver
Kjører ved Fyrstikfabrik,1,Vognmann/kjører,Transport,manuell,kjøring regnes som transport uansett arbeidsgiver
Kjører ved Katrineholm Jernverk,1,Vognmann/kjører,Transport,manuell,kjøring regnes som transport uansett arbeidsgiver
Kjørerkarl for Propsekjørring,1,Vognmann/kjører,Transport,regel,"jernbane samlet her, også funksjonærene"
Konduktør ved Jernbanen,1,Konduktør (jernbane),Transport,regel,"jernbane samlet her, også funksjonærene"
Kontorbud for fogden,1,Bud,Transport,manuell,bud/visergutt regnes som transport uansett arbeidssted
Kontorbud ved Trælastforetning,1,Bud,Transport,manuell,bud/visergutt regnes som transport uansett arbeidssted
Kornmaaler,1,Kornmåler,Transport,regel,schweitzer = portner/dørvakt
Kulkjører hos Torp,1,Kullkjører,Transport,regel,"jernbane samlet her, også funksjonærene"
Kullmaaler & lemper,1,Kullmåler,Transport,regel,schweitzer = portner/dørvakt
Kulmand ved Frhalds st.,1,Kullmann (jernbane),Transport,regel,schweitzer = portner/dørvakt
Kulmand ved jernbanstation,1,Kullmann (jernbane),Transport,regel,schweitzer = portner/dørvakt
Kusk,1,Kusk,Transport,regel,"jernbane samlet her, også funksjonærene"
kusk,1,Kusk,Transport,regel,"jernbane samlet her, også funksjonærene"
Kusk for privat Person,1,Kusk,Transport,regel,"jernbane samlet her, også funksjonærene"
Locomotivfyrbøder,1,Lokomotivfyrbøter,Transport,manuell,bud/visergutt regnes som transport uansett arbeidssted
Locomotivfører,1,Lokomotivfører,Transport,regel,schweitzer = portner/dørvakt
Locomotivpudser,1,Lokomotivpusser,Transport,regel,schweitzer = portner/dørvakt
Lokomotivbremser,1,Lokomotivbremser,Transport,regel,"jernbane samlet her, også funksjonærene"
Mand Kulmåler,1,Kullmåler,Transport,manuell,
Melkekjører,1,Melkekjører,Transport,regel,"jernbane samlet her, også funksjonærene"
Midlertidig Jernbanestationsbetjent,1,Stasjonbetjent (jernbane),Transport,regel,"jernbane samlet her, også funksjonærene"
Overkonduktør ved Jernbanen,1,Overkonduktør (jernbane),Transport,regel,"jernbane samlet her, også funksjonærene"
"Overkonduktør, ved Statsbanerne",1,Overkonduktør (jernbane),Transport,regel,"jernbane samlet her, også funksjonærene"
Platformbilletør ved Jernbanen og Regningsbud,1,Billetør (jernbane),Transport,regel,"jernbane samlet her, også funksjonærene"
Pudser v. Smaalensbanen,1,Pusser (jernbane),Transport,manuell,
Puseformand Jernbanen,1,Pusseformann (jernbane),Transport,regel,"jernbane samlet her, også funksjonærene"
Regningsbud Bladet 'Haldens',1,Bud,Transport,manuell,
Sandkjører,1,Vognmann/kjører,Transport,regel,"jernbane samlet her, også funksjonærene"
Sjauer og Visegut,1,Visegutt,Transport,regel,"jernbane samlet her, også funksjonærene"
Skiftekontuktør ved Statsbanerne,1,Konduktør (jernbane),Transport,regel,schweitzer = portner/dørvakt
Sorenskriverbud,1,Bud,Transport,manuell,bud/visergutt regnes som transport uansett arbeidssted
Spinderikjører for Haldens Bomuldspinderi,1,Vognmann/kjører,Transport,manuell,kjøring regnes som transport uansett arbeidsgiver
Sporskifter ved Stadsbanerne,1,Sporskifter (jernbane),Transport,regel,schweitzer = portner/dørvakt
Stationsarbeider,1,Stasjonsarbeider (jernbane),Transport,regel,schweitzer = portner/dørvakt
Stationskar Extra,1,Stasjonsarbeider (jernbane),Transport,regel,schweitzer = portner/dørvakt
søn koksemaler,1,Koksemaler,Transport,manuell,bud/visergutt regnes som transport uansett arbeidssted
Søn Regningsbud ved handel,1,Bud,Transport,manuell,bud/visergutt regnes som transport uansett arbeidssted
Søn Visegut ved Apoteket,1,Visegutt,Transport,regel,"jernbane samlet her, også funksjonærene"
Tomteformand Jernbanen,1,Tomteformann (jernbane),Transport,regel,"jernbane samlet her, også funksjonærene"
Varekjører,1,Vognmann/kjører,Transport,regel,"jernbane samlet her, også funksjonærene"
Vedkjører,1,Vognmann/kjører,Transport,regel,"jernbane samlet her, også funksjonærene"
Vognmand egen forretning,1,Vognmann/kjører,Transport,manuell,kjøring regnes som transport uansett arbeidsgiver
Vognmand Vedkjører,1,Vognmann/kjører,Transport,regel,"jernbane samlet her, også funksjonærene"
Vognvisetør,1,Vognkontrollør (jernbane),Transport,regel,schweitzer = portner/dørvakt
Øl kjører Haldens Bryggeri,1,Ølkjører,Transport,manuell,kjøring regnes som transport uansett arbeidsgiver
Ølkjører for Bryggeri,1,Ølkjører,Transport,manuell,kjøring regnes som transport uansett arbeidsgiver
2den Cirkelsjerer,1,Sirkelskjærer,Treindustri,regel,
Arb - Saugbrugforeningen,1,Sagbruksarbeider,Treindustri,regel,
arb Høvelbordmagasinet,1,Bordhusarbeider,Treindustri,regel,
arb Høvleri,1,Høvleriarbeider,Treindustri,regel,
arb Trælasforrætning,1,Trelastarbeider,Treindustri,manuell,
arb Trælastforretning,1,Trelastarbeider,Treindustri,regel,
arb Trævareforetning Trælasttomter,1,Tomtearbeider,Treindustri,regel,
Arb ved et høvleri,1,Høvleriarbeider,Treindustri,regel,
Arbeider - foreningen Saugbrugf.,1,Sagbruksarbeider,Treindustri,regel,
Arbeider Bryggearbeider,1,Stuer/bryggearbeider,Sjøfart,regel,
Arbeider bryggemand trælast,1,Stuer/bryggearbeider,Sjøfart,regel,
Arbeider for Sagbrugsforeningen,1,Sagbruksarbeider,Treindustri,regel,
Arbeider for Saugbrug,1,Sagbruksarbeider,Treindustri,regel,
Arbeider foreningen,1,Sagbruksarbeider,Treindustri,manuell,foreningen' = Saugbrugsforeningen
"Arbeider hist og her med vedhugger, gammel og dårlig",1,Vedhugger,Treindustri,regel,
Arbeider hos Foreningen,1,Sagbruksarbeider,Treindustri,manuell,foreningen' = Saugbrugsforeningen
Arbeider hos Høvleriet,1,Høvleriarbeider,Treindustri,regel,
arbeider hos sagbrugsforeningen,1,Sagbruksarbeider,Treindustri,regel,
Arbeider hos Saugbrugsforeningen v/ Flødning og Last,1,Sagbruksarbeider,Treindustri,regel,
Arbeider i Propsen hos Grenager,1,Trelastarbeider,Treindustri,regel,
Arbeider i Propsen hos Olsens,1,Trelastarbeider,Treindustri,regel,
Arbeider i Trelast,1,Trelastarbeider,Treindustri,regel,
Arbeider i Trælastforretning,1,Trelastarbeider,Treindustri,regel,
Arbeider med Trelast,1,Trelastarbeider,Treindustri,regel,
arbeider med Trelast,1,Trelastarbeider,Treindustri,regel,
arbeider paa Bryggen,1,Stuer/bryggearbeider,Sjøfart,regel,
Arbeider på høvleri,1,Høvleriarbeider,Treindustri,regel,
Arbeider på saugbr.foreningens tomter,1,Tomtearbeider,Treindustri,regel,"fallback-regel, sjekket manuelt"
Arbeider paa Saugbrug,1,Sagbruksarbeider,Treindustri,regel,
Arbeider Sagbrug,1,Sagbruksarbeider,Treindustri,regel,
Arbeider Saugbrugsf.,1,Sagbruksarbeider,Treindustri,regel,
Arbeider Saugbrugsforeningen,1,Sagbruksarbeider,Treindustri,regel,
Arbeider Saugbrugsforeningen i Fr.hald,1,Sagbruksarbeider,Treindustri,regel,
Arbeider Tomtearbeider,1,Tomtearbeider,Treindustri,regel,
Arbeider Trælast,1,Trelastarbeider,Treindustri,regel,
arbeider Trælasttomter,1,Tomtearbeider,Treindustri,regel,
Arbeider Træsliberi,1,Sliperiarbeider,Treindustri,regel,
Arbeider v/ Høvleri,1,Høvleriarbeider,Treindustri,regel,
Arbeider v/ Høvleriet - Sliber,1,Høvleriarbeider,Treindustri,regel,
Arbeider v/ Sagbruget,1,Sagbruksarbeider,Treindustri,regel,
Arbeider v/ Saugbrug,1,Sagbruksarbeider,Treindustri,regel,
Arbeider v/ trælastforretn. %foreningen%,1,Trelastarbeider,Treindustri,regel,
Arbeider v/ trælasttomter,1,Tomtearbeider,Treindustri,regel,
Arbeider ved et høvleri,1,Høvleriarbeider,Treindustri,regel,
Arbeider ved Sagbrug,1,Sagbruksarbeider,Treindustri,regel,
Arbeider ved Saug-brugsforeningen hersted,1,Sagbruksarbeider,Treindustri,regel,"fallback-regel, sjekket manuelt"
Arbeider ved Saugbrugsf. Brygger,1,Stuer/bryggearbeider (Saugbrugforeningen),Treindustri,regel,
Arbeider ved Saugbrugsf. Høvleri her. Skjærer,1,Høvleriarbeider,Treindustri,regel,
Arbeider ved trælastbedrift,1,Trelastarbeider,Treindustri,regel,
Arbeider ved Trælastforret.,1,Trelastarbeider,Treindustri,regel,
Arbeider ved Trælastfortn.,1,Trelastarbeider,Treindustri,regel,
Arbeider ved trælastv.,1,Trelastarbeider,Treindustri,regel,
Arbeider ved trælæsforretning,1,Trelastarbeider,Treindustri,regel,
"Arbeider, propskapper",1,Trelastarbeider,Treindustri,regel,
Arbeiderske Træsliberi,1,Sliperiarbeider,Treindustri,regel,
Arbeids-Formand i Trælastforretning,1,Formann (treindustri),Treindustri,regel,
Arbeidsmand Høvleriet Bryggearbeider,1,Stuer/bryggearbeider (Saugbrugforeningen),Treindustri,regel,
arbeidsmand paa Bryggen,1,Stuer/bryggearbeider,Sjøfart,regel,
Arbejder ved Sagbrugs foreningen,1,Sagbruksarbeider,Treindustri,regel,
Bakgut paa Ramen Ramskjærer,1,Trelastarbeider,Treindustri,regel,
Banskjærer,1,Trelastarbeider,Treindustri,regel,"fallback-regel, sjekket manuelt"
Barn Sagarbeider,1,Sagbruksarbeider,Treindustri,regel,
Bordhus Arbeider,1,Bordhusarbeider,Treindustri,regel,
Bordhus Arbeider Sagbrug,1,Bordhusarbeider,Treindustri,regel,
Bordhusararbeider og gaardeier,1,Bordhusarbeider,Treindustri,regel,
Bordhusarbeider paa Høvleriet,1,Bordhusarbeider,Treindustri,manuell,
Bordhusarbejder hos Frhalds: Sagbrugsforening,1,Bordteller,Treindustri,regel,
Bordtæller ved Høvleriet,1,Bordteller,Treindustri,regel,
Brygarbeider,1,Stuer/bryggearbeider,Sjøfart,regel,"fallback-regel, sjekket manuelt"
Brygarbejder,1,Stuer/bryggearbeider,Sjøfart,regel,"fallback-regel, sjekket manuelt"
Brygearbeider Sagbrugsarbeider,1,Stuer/bryggearbeider (Saugbrugforeningen),Treindustri,regel,
Bryggarbeider for Sagbrugsforeningen,1,Stuer/bryggearbeider (Saugbrugforeningen),Treindustri,regel,
Bryggearb. ved trælastforr.,1,Stuer/bryggearbeider (Saugbrugforeningen),Treindustri,regel,
Bryggearbeide Saugbrugsforening,1,Stuer/bryggearbeider (Saugbrugforeningen),Treindustri,regel,
bryggearbeider,1,Stuer/bryggearbeider,Sjøfart,regel,
Bryggearbeider hos Sagbrugsforeningen,1,Stuer/bryggearbeider (Saugbrugforeningen),Treindustri,regel,
Bryggearbeider hos Saugbrugsf.,1,Stuer/bryggearbeider (Saugbrugforeningen),Treindustri,regel,
Bryggearbeider hos Saugbrugsforening,1,Stuer/bryggearbeider (Saugbrugforeningen),Treindustri,regel,
Bryggearbeider hos saugbrugsforeningen,1,Stuer/bryggearbeider (Saugbrugforeningen),Treindustri,regel,
Bryggearbeider Saugbrugforening,1,Stuer/bryggearbeider (Saugbrugforeningen),Treindustri,regel,
Bryggearbeider v/ Anker,1,Stuer/bryggearbeider (Saugbrugforeningen),Treindustri,regel,
Bryggearbejder,1,Stuer/bryggearbeider,Sjøfart,regel,"fallback-regel, sjekket manuelt"
Bryggegut,1,Stuer/bryggearbeider,Sjøfart,regel,"fallback-regel, sjekket manuelt"
Bryggemand,1,Stuer/bryggearbeider,Sjøfart,regel,"fallback-regel, sjekket manuelt"
Bryggerarbeder,1,Bryggeriarbeider,Mat og drikke,manuell,TVIL: brygga eller bryggeriet?
Cirkel%Kan%skjærer,1,Sirkelskjærer,Treindustri,regel,"fallback-regel, sjekket manuelt"
Cirkelskjerer,1,Sirkelskjærer,Treindustri,regel,"fallback-regel, sjekket manuelt"
Dagarbeider brygge,1,Dagarbeider,Dagarbeid,manuell,
Dagarbeider for %Skolleborg% Trælasth.,1,Dagarbeider,Dagarbeid,regel,
Dagarbeider hos %på% Trælasthandler %Skolborg%,1,Dagarbeider,Dagarbeid,regel,
Dagarbeider paa Rænden hos Sagbrugsforeningen,1,Dagarbeider,Dagarbeid,regel,
dagarbeider paa Sagbruket,1,Dagarbeider,Dagarbeid,regel,
Dagarbeider v/ Trælastvirksomhed,1,Dagarbeider,Dagarbeid,regel,
Dagarbeider ved bryggen,1,Dagarbeider,Dagarbeid,manuell,
Dagarbeider ved Kulning,1,Dagarbeider,Dagarbeid,regel,
Dagarbeider ved Sagbrug,1,Dagarbeider,Dagarbeid,regel,
Dagarbeider ved Sagbrugforeni,1,Dagarbeider,Dagarbeid,regel,
Dagarbeider ved Sagbrugsforenin,1,Dagarbeider,Dagarbeid,regel,
Dagarbejder ved Sagbrugsforeningen,1,Dagarbeider,Treindustri,regel,
Drevplukkerske,1,Drevplukker,Treindustri,regel,"fallback-regel, sjekket manuelt"
Elecktris. maskinpasser ved Sagbrugsforeningen,1,Maskinist (treindustri),Treindustri,regel,
Flødningsformand,1,Formann (treindustri),Treindustri,regel,
Fløtningsarbejder,1,Fløter,Treindustri,regel,
Foreningsarbeider,1,Fløter,Treindustri,manuell,foreningen' = Saugbrugsforeningen
Forhenv. Tomtarbeider,1,Forsørget,Forsørget,regel,
Forhenværende Bryggearbeider,1,Forsørget,Forsørget,regel,
Forman ved Saugbrug,1,Formann (treindustri),Treindustri,regel,
Forman ved Trælastforetning,1,Formann (treindustri),Treindustri,regel,
Formand i Høvelbordmagasin,1,Formann (treindustri),Treindustri,regel,
Formand v/ Sagbrug,1,Formann (treindustri),Treindustri,regel,
Formand v/ Saugbrug bestyrer af gaarden,1,Formann (treindustri),Treindustri,regel,
Formand ved Saugbrugsforeningens Trælastvirksomhed,1,Formann (treindustri),Treindustri,regel,
Formand ved tommerdeling,1,Formann (treindustri),Treindustri,manuell,
Formand ved Trælastforretn.,1,Formann (treindustri),Treindustri,regel,
fv Tomtearbeider,1,Forsørget,Forsørget,regel,
Fyrbøder ved Trælast forrettning,1,Fyrbøter (treindustri),Treindustri,manuell,
Fyrbøter ved Høvleriet,1,Fyrbøter (treindustri),Treindustri,regel,
Høveleriarbeider,1,Høvleriarbeider,Treindustri,regel,"fallback-regel, sjekket manuelt"
høvler,1,Høvleriarbeider,Treindustri,regel,"fallback-regel, sjekket manuelt"
Høvler Høvleriet,1,Høvleriarbeider,Treindustri,regel,
Høvler paa Høvleri,1,Høvleriarbeider,Treindustri,regel,
Høvler Saugbrugsforeningen,1,Høvleriarbeider,Treindustri,regel,
Høvler v/ høvleri,1,Høvleriarbeider,Treindustri,regel,
Høvler ved Høvleri,1,Høvleriarbeider,Treindustri,regel,
Høvler ved Høvleriet,1,Høvleriarbeider,Treindustri,regel,
"Høvler, Sagbrugsforeningen",1,Høvleriarbeider,Treindustri,regel,
Høvleri-Arbeider,1,Høvleriarbeider,Treindustri,regel,
Høvleriarb. Bordmærker,1,Høvleriarbeider,Treindustri,regel,
Høvleriarbeider i Saugbrugsforeningens Tjeneste,1,Høvleriarbeider,Treindustri,regel,
Høvleriarbeider og gaardeier,1,Høvleriarbeider,Treindustri,regel,
Høvleriarbeider og skomager,1,Høvleriarbeider,Treindustri,regel,
Høvleriarbeider Smører,1,Høvleriarbeider,Treindustri,regel,
Høvleriarbeider. Klyvskjærer,1,Høvleriarbeider,Treindustri,regel,
"Høvleriarbejder, Klyver",1,Høvleriarbeider,Treindustri,regel,
Høvleriarberder,1,Høvleriarbeider,Treindustri,regel,
Høvleriearbeider arb. ved Kantning,1,Høvleriarbeider,Treindustri,regel,
Høvleriearbeider i Saugbrugsforeningens Tjeneste,1,Høvleriarbeider,Treindustri,regel,
Høvleriet,1,Høvleriarbeider,Treindustri,regel,
Høvliarbeider,1,Høvleriarbeider,Treindustri,regel,"fallback-regel, sjekket manuelt"
Høvlmester,1,Høvlerimester,Treindustri,regel,"fallback-regel, sjekket manuelt"
Høvlri Arbeider,1,Høvleriarbeider,Treindustri,regel,"fallback-regel, sjekket manuelt"
Ingeniør Høvleribestyrer,1,Høvleribestyrer,Treindustri,manuell,
"Ingeniør, flødningsinspektør i Fredrikshalds Vasdrag, Sekretær i Tistas Brugseierf.",1,Ingeniør og fløtningsinspektør,Treindustri,manuell,
Kappegut ved Høvleri,1,Kappegutt,Treindustri,regel,
klyvehøvler skjærer,1,Kløvskjærer,Treindustri,regel,"fallback-regel, sjekket manuelt"
Klyvsjerser Høvleriet,1,Kløvskjærer,Treindustri,regel,
Klyvsjærer paa høvleri,1,Kløvskjærer,Treindustri,regel,
Klyvsjærer ved Høvleriet,1,Kløvskjærer,Treindustri,regel,
Klyvskjerer Høvleriet,1,Kløvskjærer,Treindustri,regel,
Klyvskjerer Sagbrugsarbeider,1,Kløvskjærer,Treindustri,regel,
Klyvskjære ved Høvleri,1,Kløvskjærer,Treindustri,regel,
Klyvskjærer ved Høvleriet,1,Kløvskjærer,Treindustri,regel,
Kløvskjærer ved Høvleri,1,Kløvskjærer,Treindustri,regel,
Kløvskjærer. Høvleriet,1,Kløvskjærer,Treindustri,regel,
Kulbrænder Arbeider,1,Sagbruksarbeider,Treindustri,regel,"fallback-regel, sjekket manuelt"
lossearbeider,1,Losser,Treindustri,regel,"fallback-regel, sjekket manuelt"
Losser ved Rænden,1,Losser,Treindustri,regel,"fallback-regel, sjekket manuelt"
Maskinist ved Høvleriet,1,Maskinist (treindustri),Treindustri,regel,
Mekaniker ved Høvleri,1,Maskinist (treindustri),Treindustri,regel,
Mekaniker ved Sagene,1,Maskinist (treindustri),Treindustri,regel,
Mekaniklærling ved Sagene,1,Maskinistlærling (treindustri),Treindustri,regel,
Papirfabrik-Arbeider,1,Sagbruksarbeider,Treindustri,regel,
Plankedrager for Saugbrugsforeningen,1,Plankebærer,Treindustri,regel,
Plankedrager på Saugbrugsforeningen,1,Plankebærer,Treindustri,regel,
Plukker drev,1,Drevplukker,Treindustri,regel,"fallback-regel, sjekket manuelt"
Portner og Arbeiderformand ved Trælastforretning,1,Trelastarbeider,Treindustri,regel,
Portvogter ved Sagbrugsforeningens Trælasttomter,1,Tomtearbeider,Treindustri,regel,
Pramarabeider,1,Sagbruksarbeider,Treindustri,regel,"fallback-regel, sjekket manuelt"
Prambygger ved Sagbrugsforeningen,1,Sagbruksarbeider,Treindustri,regel,
Propsarbeider hos C Olsen,1,Trelastarbeider,Treindustri,regel,
Pudser ved Høvleriet,1,Høvleriarbeider,Treindustri,regel,
Ramgut ved Sagbrugforening,1,Rammeskjærerlærling,Treindustri,regel,
Ramsjærer,1,Rammeskjærer,Treindustri,regel,"fallback-regel, sjekket manuelt"
Ramsjærer ved Fh. S.b.forening,1,Rammeskjærer,Treindustri,regel,"fallback-regel, sjekket manuelt"
Ramsjærer ved Sagbrugforening,1,Rammeskjærer,Treindustri,regel,
Ramsjærer ved Sagbrugforeningen,1,Rammeskjærer,Treindustri,regel,
Ramskjerer hos Sagbf.,1,Rammeskjærer,Treindustri,regel,"fallback-regel, sjekket manuelt"
Ramskjærer for Saugbrugsf.,1,Rammeskjærer,Treindustri,regel,
Rendearbeider ): Plankerender,1,Tømmerrenne/plankerenne,Treindustri,regel,
Rendearbeider for Saugbrugsforeningen,1,Tømmerrenne/plankerenne,Treindustri,regel,
Rendearbeider hos Saugbr.,1,Tømmerrenne/plankerenne,Treindustri,regel,
Rendearbeider hos Saugbrugsforeningen,1,Tømmerrenne/plankerenne,Treindustri,regel,
Rendearbeider v/ Flødning af Last for Saugbrugsforeningen,1,Tømmerrenne/plankerenne,Treindustri,regel,
Reprationsmester ved Sagbrug,1,Sagbruksarbeider,Treindustri,regel,
sagarbeider,1,Sagbruksarbeider,Treindustri,regel,
Sagarbejder,1,Sagbruksarbeider,Treindustri,regel,"fallback-regel, sjekket manuelt"
Sagbrugsarbeider bordhusarbeider f. Sagbr.,1,Sagbruksarbeider,Treindustri,manuell,
Sagbrugsarbeider Bryggearbeider,1,Sagbruksarbeider,Treindustri,regel,
Sagbrugsarbeider Renene??arbeider,1,Sagbruksarbeider,Treindustri,regel,
Sagbrugsarbejder,1,Sagbruksarbeider,Treindustri,regel,
Sagretter ved Sagbrug,1,Sagretter,Treindustri,regel,
Saugarb. Ramskjærer,1,Sagbruksarbeider,Treindustri,regel,
Saugbrg. Arbeider,1,Sagbruksarbeider,Treindustri,regel,"fallback-regel, sjekket manuelt"
Saugbrugforeningarbeider,1,Sagbruksarbeider,Treindustri,regel,
Saugbrugs-Formand,1,Formann (treindustri),Treindustri,regel,
Saugfiler,1,Sagfiler,Treindustri,regel,"fallback-regel, sjekket manuelt"
Saugretter ved Høvleriet,1,Sagretter,Treindustri,regel,
Sirkelsjerer ved Sagbrugsforeningen,1,Sirkelskjærer,Treindustri,regel,
sirkelskjerer ved Sagbrug,1,Sirkelskjærer,Treindustri,regel,
Sirkelskjærer,1,Sirkelskjærer,Treindustri,regel,"fallback-regel, sjekket manuelt"
Sirkelskjærer ved Sagbrug,1,Sirkelskjærer,Treindustri,regel,
Skjerer,1,Skjærer,Treindustri,regel,"fallback-regel, sjekket manuelt"
Skjerergut,1,Skjærerlærling,Treindustri,regel,"fallback-regel, sjekket manuelt"
Skjærer,1,Skjærer,Treindustri,regel,"fallback-regel, sjekket manuelt"
Skjærer ved Sagbrugsforeningen,1,Skjærer,Treindustri,regel,
Skovarbeider,1,Skogarbeider,Treindustri,regel,"fallback-regel, sjekket manuelt"
Skovdriftsformand,1,Skogdriftformann,Treindustri,regel,
Sliber Saugbrugsforenins Høvleri,1,Sliperiarbeider,Treindustri,regel,
Sliber v/ høvleri,1,Sliperiarbeider,Treindustri,regel,
Sliber ved Sagbrugsforeningens Høvleri i Frhald,1,Sliperiarbeider,Treindustri,regel,
Sliberiarbeiderske,1,Sliperiarbeider,Treindustri,regel,
Smed ved Sagbrugsforeningen,1,Sagbruksarbeider,Treindustri,regel,
Sorterer af B??ager,1,Sorterer,Treindustri,regel,"fallback-regel, sjekket manuelt"
Sorterer høvlet Last,1,Sorterer,Treindustri,regel,"fallback-regel, sjekket manuelt"
Sorterer paa Høvleriet,1,Sorterer,Treindustri,regel,
Sorterer v. Trælastfr.,1,Sorterer,Treindustri,regel,
Sorterer ved Høvleriet,1,Sorterer,Treindustri,regel,
Sorterer ved Trælastforretning,1,Sorterer,Treindustri,regel,
Sorterer ved trælastforretning,1,Sorterer,Treindustri,regel,
Stavbryggerarbeider hos Saugbrugsforening,1,Sagbruksarbeider,Treindustri,regel,
Staverskjærer,1,Stavskjærer,Treindustri,regel,"fallback-regel, sjekket manuelt"
Stavsjärer ved Sagbrugsforen,1,Stavskjærer,Treindustri,regel,
Stavteller,1,Stavteller,Treindustri,regel,"fallback-regel, sjekket manuelt"
Stuar,1,Stuer/bryggearbeider,Sjøfart,regel,"fallback-regel, sjekket manuelt"
Søn Høvleriarbeider,1,Høvleriarbeider,Treindustri,regel,
Thomtearbeider ved Sagbrug,1,Tomtearbeider,Treindustri,regel,
Thømmersorterer,1,Tømmersorterer,Treindustri,regel,"fallback-regel, sjekket manuelt"
Tomtarbeider ved Sagbrug,1,Tomtearbeider,Treindustri,regel,
tomte arbeider,1,Tomtearbeider,Treindustri,manuell,
Tomte og Rennearbeider haanterer Trælast,1,Tomtearbeider,Treindustri,regel,
Tomtearb hos saugbrugsforening,1,Tomtearbeider,Treindustri,regel,
Tomtearb v/ Saugbrug,1,Tomtearbeider,Treindustri,regel,
Tomtearbeder,1,Tomtearbeider,Treindustri,regel,
Tomtearbeid v/ Saugbrug,1,Tomtearbeider,Treindustri,regel,
tomtearbeider,1,Tomtearbeider,Treindustri,regel,
Tomtearbeider hos Saugbrugsforeningen,1,Tomtearbeider,Treindustri,regel,
Tomtearbeider ved Sagbruget,1,Tomtearbeider,Treindustri,regel,
Tomtearbeider ved Sagbrugsf.,1,Tomtearbeider,Treindustri,regel,
Tomtearbeider ved Saugbr,1,Tomtearbeider,Treindustri,regel,
Tomtearbeider ved Saugbrug,1,Tomtearbeider,Treindustri,regel,
"Tomtearbeider, Sagbrug",1,Tomtearbeider,Treindustri,regel,
Tomtearbeidere,1,Tomtearbeider,Treindustri,regel,
Tomtte arbeider,1,Tomtearbeider,Treindustri,manuell,
Trelast Arbeide,1,Trelastarbeider,Treindustri,regel,"fallback-regel, sjekket manuelt"
Trelast Arbeider,1,Trelastarbeider,Treindustri,regel,"fallback-regel, sjekket manuelt"
TrelastArbeider,1,Trelastarbeider,Treindustri,regel,"fallback-regel, sjekket manuelt"
Trælast Arbider,1,Trelastarbeider,Treindustri,regel,
Trælast Tomtearbeider,1,Tomtearbeider,Treindustri,regel,
Trælast-Foreningsarbeider,1,Trelastarbeider,Treindustri,regel,
Trælast-Tomtearbeider,1,Tomtearbeider,Treindustri,regel,
TrælastArbeider,1,Trelastarbeider,Treindustri,regel,
Trælastomtearbeider,1,Tomtearbeider,Treindustri,regel,
Træmassearbeider,1,Trelastarbeider,Treindustri,regel,"fallback-regel, sjekket manuelt"
Tumtearbejder,1,Tomtearbeider,Treindustri,manuell,
Tømerfløder,1,Fløter,Treindustri,manuell,
TømmerArbeider,1,Trelastarbeider,Treindustri,regel,"fallback-regel, sjekket manuelt"
Tømmerdrager ved Sagbrugsforeningen,1,Sagbruksarbeider,Treindustri,regel,
Tømmerdræng,1,Trelastarbeider,Treindustri,regel,"fallback-regel, sjekket manuelt"
Tømmerfløder,1,Fløter,Treindustri,regel,"fallback-regel, sjekket manuelt"
Tømmerskjærer,1,Tømmerskjærer,Treindustri,regel,
Tømmertæller,1,Tømmerteller,Treindustri,regel,"fallback-regel, sjekket manuelt"
Tømmervælter Saugbruget,1,Tomtearbeider,Treindustri,regel,
Tømmervælter ved Sagbrug,1,Tomtearbeider,Treindustri,regel,
Uden fast Beskjæftigelse Vedhugger,1,Vedhugger,Treindustri,regel,
Ved trælastforretning Tomtearbejder,1,Tomtearbeider,Treindustri,regel,
Vedhuger,1,Vedhugger,Treindustri,regel,"fallback-regel, sjekket manuelt"
Vedhugger,1,Vedhugger,Treindustri,regel,
Vedhugger etc,1,Vedhugger,Treindustri,regel,
Vedhugger Forsørget af søn,1,Vedhugger,Treindustri,regel,
Vedhugger og fattigunderst,1,Vedhugger,Treindustri,regel,
Vedhugger. Underst. af fattigvæsen,1,Vedhugger,Treindustri,regel,
Vedsager,1,Vedhugger,Treindustri,regel,"fallback-regel, sjekket manuelt"
Verkmester v/ Sagverk,1,Sagbruksarbeider,Treindustri,regel,
Verstearbeider ved Sagbrug,1,Sagbruksarbeider,Treindustri,regel,
Vipper paa Saugbrugsforeningens Slipperende,1,Vipper,Treindustri,regel,
Vipper ved Tømmerrænden hos Sagbrugsforeningen hersteds,1,Vipper,Treindustri,regel,
Adjunkt,1,Adjunkt,Undervisning,regel,
Adjunkt Lærer,1,Adjunkt,Undervisning,regel,
Adjunkt ved Fr.halds off. skole,1,Adjunkt,Undervisning,regel,
Cand. mag. klasselærer ved Fr.halds offentl. h. almenskole,1,Adjunkt,Undervisning,regel,
Embedsmand Adjunkt v. den høiere Almenskole,1,Adjunkt,Undervisning,manuell,
Embedsmand. Adjunkt ved Fr.halds off. høiere Almenskole,1,Adjunkt,Undervisning,manuell,
Folkeskolelærer og Agent,1,Lærer/Lærerinne,Undervisning,regel,
Folkeskolelærer og leieboligens opsynsmand,1,Lærer/Lærerinne,Undervisning,manuell,
gouvernante,1,Guvernante/Huslærer,Undervisning,regel,"fallback-regel, sjekket manuelt"
Huslærer,1,Guvernante/Huslærer,Undervisning,regel,
Hustru fors. af overlærer ved folkeskole,1,Hustru/husmor,Husarbeid,regel,
Haandarbeidslærerinde,1,Lærer/Lærerinne,Undervisning,regel,
Industrilærerinde,1,Lærer/Lærerinne,Undervisning,regel,
Kateket og skolebestyrer,1,Skolebestyrer,Undervisning,regel,
Klasselærer ved Fr.halds off. h. almenskole Staten,1,Lærer/Lærerinne,Undervisning,regel,
Lærer,1,Lærer/Lærerinne,Undervisning,regel,
Lærer folkeskole,1,Lærer/Lærerinne,Undervisning,regel,
Lærer folkeskolen,1,Lærer/Lærerinne,Undervisning,regel,
Lærer linsøm,1,Lærer/Lærerinne,Undervisning,regel,
Lærer Søm,1,Lærer/Lærerinne,Undervisning,regel,
Lærer ved folkeskole,1,Lærer/Lærerinne,Undervisning,regel,
Lærer ved folkeskolen,1,Lærer/Lærerinne,Undervisning,regel,
Lærer ved folkeskolen og bibliothekar ved Frhalds bibliothek,1,Lærer/Lærerinne,Undervisning,regel,
Lærer ved Latinskole,1,Lærer/Lærerinne,Undervisning,regel,
lærerinde,1,Lærer/Lærerinne,Undervisning,regel,
Lærerinde folkeskole,1,Lærer/Lærerinne,Undervisning,regel,
Lærerinde folkeskolen,1,Lærer/Lærerinne,Undervisning,regel,
Lærerinde Fr.hlds off. høiere almenskole,1,Lærer/Lærerinne,Undervisning,regel,
Lærerinde Frøken,1,Lærer/Lærerinne,Undervisning,regel,
Lærerinde v/ Folkeskole,1,Lærer/Lærerinne,Undervisning,regel,
lærerinde v/ folkeskole,1,Lærer/Lærerinne,Undervisning,regel,
Lærerinde v/ privatskole,1,Lærer/Lærerinne,Undervisning,regel,
Lærerinde ved den h. Almenskole,1,Lærer/Lærerinne,Undervisning,regel,
"Lærerinde ved den private forskole, enkelte timer ved Latinskolen og lidt formue",1,Lærer/Lærerinne,Undervisning,regel,
Lærerinde ved fokeskolen,1,Lærer/Lærerinne,Undervisning,regel,
Lærerinde ved folkeskolen Kommunen,1,Lærer/Lærerinne,Undervisning,regel,
Lærerinde ved Pigeskole,1,Lærer/Lærerinne,Undervisning,regel,
lærerinde ved priv. skole,1,Lærer/Lærerinne,Undervisning,regel,
Lærerinde ved Privatskole,1,Lærer/Lærerinne,Undervisning,regel,
Lærinde folkeskolen,1,Lærer/Lærerinne,Undervisning,regel,
Musikundervisning & Rentenistinde,1,Musikklærer,Undervisning,manuell,
Navigationslærer,1,Lærer/Lærerinne,Undervisning,regel,
Overlærer ved den høiere almenskole,1,Overlærer,Undervisning,regel,
Overlærer ved den off. h Almenskole,1,Overlærer,Undervisning,regel,
Rektor Embedsmand,1,Rektor,Undervisning,manuell,
Skolebestyrer Folkeskolen,1,Skolebestyrer,Undervisning,regel,
Skolebestyrerinde,1,Skolebestyrer,Undervisning,regel,
Skoleinspektør Bestyrer Gaarden,1,Skoleinspektør,Undervisning,manuell,
Sproglærer giver kursus,1,Lærer/Lærerinne,Undervisning,regel,
Tilsynslærerinde ved Fr.halds private forskole,1,Lærer/Lærerinne,Undervisning,regel,
%intet Erhverv%,1,Uten yrke,Uten registrert yrke,regel,
af Datter & Svigersøn,1,Barn,Uten registrert yrke,regel,"fallback-regel, sjekket manuelt"
Arbeidede sidst paa Høvleri %blind% nu arb. udygtig,1,Arbeidsudyktig,Uten registrert yrke,manuell,
arbeidsudygtig,1,Arbeidsudyktig,Uten registrert yrke,regel,"fallback-regel, sjekket manuelt"
arbeisdygtig,1,Uten yrke,Uten registrert yrke,regel,"fallback-regel, sjekket manuelt"
Barn Datter,1,Barn,Uten registrert yrke,regel,"fallback-regel, sjekket manuelt"
Barn Ingen,1,Barn,Uten registrert yrke,regel,"fallback-regel, sjekket manuelt"
børn Søn ingen,1,Barn,Uten registrert yrke,regel,"fallback-regel, sjekket manuelt"
D. D.,1,Barn,Uten registrert yrke,regel,"fallback-regel, sjekket manuelt"
Datter %Pige%,1,Barn,Uten registrert yrke,regel,"fallback-regel, sjekket manuelt"
Datter Adepted Barn,1,Barn,Uten registrert yrke,regel,"fallback-regel, sjekket manuelt"
Datter barn,1,Barn,Uten registrert yrke,regel,"fallback-regel, sjekket manuelt"
Datter I pensionat,1,Barn,Uten registrert yrke,manuell,
Datter-D,1,Barn,Uten registrert yrke,regel,"fallback-regel, sjekket manuelt"
datterdatter,1,Barn,Uten registrert yrke,regel,"familiestilling, ikke yrke"
endnu intet Erhverv,1,Uten yrke,Uten registrert yrke,regel,"fallback-regel, sjekket manuelt"
Er bosat i Xania,1,Ukjent,Uten registrert yrke,regel,"fallback-regel, sjekket manuelt"
"Er bosat i Xania, beskjæftiget med Husstel og ernæres af Manden",1,Ukjent,Uten registrert yrke,regel,forsørget av familien
Erhvervs Udygtig,1,Arbeidsudyktig,Uten registrert yrke,regel,"fallback-regel, sjekket manuelt"
Ernæres af sine Slegtinge,1,Forsørges av familie/privat,Forsørget,regel,forsørget av familien
Ernæres af sønnen,1,Forsørges av familie/privat,Forsørget,regel,forsørget av familien
forhv. Bryggeriarbeider nu syg,1,Arbeidsudyktig,Uten registrert yrke,manuell,
forsg af Bryggearbeider,1,Forsørges av familie/privat,Forsørget,manuell,
Forsørges af bryggearb,1,Forsørges av familie/privat,Forsørget,regel,enkeltbokstav = familiestilling fra telleren
Forsørges af brødre,1,Forsørges av familie/privat,Forsørget,regel,enkeltbokstav = familiestilling fra telleren
Forsørges af børnene,1,Forsørges av familie/privat,Forsørget,regel,enkeltbokstav = familiestilling fra telleren
Forsørges af datter,1,Forsørges av familie/privat,Forsørget,regel,forsørget av familien
Forsørges af datteren,1,Forsørges av familie/privat,Forsørget,regel,forsørget av familien
forsørges af datteren,1,Forsørges av familie/privat,Forsørget,regel,forsørget av familien
Forsørges af Familien,1,Forsørges av familie/privat,Forsørget,regel,enkeltbokstav = familiestilling fra telleren
Forsørges af forældrene,1,Forsørges av familie/privat,Forsørget,regel,forsørget av familien
Forsørges af handlende,1,Forsørges av familie/privat,Forsørget,regel,enkeltbokstav = familiestilling fra telleren
Forsørges af Manden,1,Forsørges av familie/privat,Forsørget,regel,enkeltbokstav = familiestilling fra telleren
Forsørges af restauratrice,1,Forsørges av familie/privat,Forsørget,regel,enkeltbokstav = familiestilling fra telleren
Forsørges af sin søn,1,Forsørges av familie/privat,Forsørget,regel,enkeltbokstav = familiestilling fra telleren
forsørges af sine 2 Sønner,1,Forsørges av familie/privat,Forsørget,regel,enkeltbokstav = familiestilling fra telleren
Forsørges af sit barn Aurelie,1,Forsørges av familie/privat,Forsørget,regel,enkeltbokstav = familiestilling fra telleren
Forsørges af stenhugger,1,Forsørges av familie/privat,Forsørget,regel,enkeltbokstav = familiestilling fra telleren
"Forsørges af svigersøn, høvleriarbeider",1,Forsørges av familie/privat,Forsørget,regel,enkeltbokstav = familiestilling fra telleren
"Forsørges af svigersøn, tomtearbeider",1,Forsørges av familie/privat,Forsørget,regel,enkeltbokstav = familiestilling fra telleren
Forsørges af Syerske,1,Forsørges av familie/privat,Forsørget,regel,enkeltbokstav = familiestilling fra telleren
Forsørges af Sømand,1,Forsørges av familie/privat,Forsørget,regel,enkeltbokstav = familiestilling fra telleren
Forsørges af sømand,1,Forsørges av familie/privat,Forsørget,regel,enkeltbokstav = familiestilling fra telleren
Forsørges af sønnen,1,Forsørges av familie/privat,Forsørget,regel,forsørget av familien
Forsørges af sønnen no 1,1,Forsørges av familie/privat,Forsørget,regel,forsørget av familien
Forsørges af trælastarbejder,1,Forsørges av familie/privat,Forsørget,regel,enkeltbokstav = familiestilling fra telleren
Forsørges av kjøbmand,1,Forsørges av familie/privat,Forsørget,manuell,
Forsørget af skoarbeider,1,Forsørges av familie/privat,Forsørget,manuell,
fosterdatter,1,Pleiebarn,Uten registrert yrke,regel,"familiestilling, ikke yrke"
Fostersøn,1,Pleiebarn,Uten registrert yrke,regel,"familiestilling, ikke yrke"
H,1,Husgjerning,Husarbeid,regel,"fallback-regel, sjekket manuelt"
Hjemme hos forældrene,1,Husgjerning,Husarbeid,regel,forsørget av familien
hjemme hos Forældrene,1,Husgjerning,Husarbeid,regel,forsørget av familien
hjemme hos Forældrene efter Barnefødsel,1,Husgjerning,Husarbeid,regel,forsørget av familien
hjemme hos Forældrene J. G.'s datter,1,Husgjerning,Husarbeid,regel,forsørget av familien
Hjælper Forældrene,1,Husgjerning,Husarbeid,regel,"fallback-regel, sjekket manuelt"
hjælper Forældrene,1,Husgjerning,Husarbeid,regel,"fallback-regel, sjekket manuelt"
Hjælper Moderen,1,Husgjerning,Husarbeid,regel,forsørget av familien
Hjælper moderen i huset,1,Husgjerning,Husarbeid,regel,forsørget av familien
i Hjemmet,1,Husgjerning,Husarbeid,regel,
ingen erhverv,1,Uten yrke,Uten registrert yrke,regel,
ingen Erværv,1,Uten yrke,Uten registrert yrke,regel,"fallback-regel, sjekket manuelt"
ingen foretning,1,Uten yrke,Uten registrert yrke,regel,"fallback-regel, sjekket manuelt"
ingen særlig Erverv,1,Uten yrke,Uten registrert yrke,regel,"fallback-regel, sjekket manuelt"
ingenting,1,Uten yrke,Uten registrert yrke,regel,
intet %s%,1,Uten yrke,Uten registrert yrke,regel,"fallback-regel, sjekket manuelt"
Intet erhverv,1,Uten yrke,Uten registrert yrke,regel,
intet erhverv,1,Uten yrke,Uten registrert yrke,regel,
Intet Erhverv er hos sin Svigersøn,1,Uten yrke,Uten registrert yrke,regel,"fallback-regel, sjekket manuelt"
Intet erhverv sygelig,1,Uten yrke,Uten registrert yrke,manuell,
intet Forsørges af børnene,1,Uten yrke,Uten registrert yrke,regel,enkeltbokstav = familiestilling fra telleren
Intet Syg,1,Uten yrke,Uten registrert yrke,regel,"fallback-regel, sjekket manuelt"
Intet særlig Erhverv,1,Uten yrke,Uten registrert yrke,regel,"fallback-regel, sjekket manuelt"
intet særlig Erhverv,1,Uten yrke,Uten registrert yrke,regel,"fallback-regel, sjekket manuelt"
Kontormand fortiden uden erhverv og forsørges af sin Moder,1,Uten yrke,Uten registrert yrke,regel,enkeltbokstav = familiestilling fra telleren
Midlertidigt,1,Ukjent,Uten registrert yrke,regel,"fallback-regel, sjekket manuelt"
Mindreaarig,1,Barn,Uten registrert yrke,regel,
Mindreaarig Søn,1,Barn,Uten registrert yrke,regel,"fallback-regel, sjekket manuelt"
Opfostringssøn,1,Pleiebarn,Uten registrert yrke,regel,"fallback-regel, sjekket manuelt"
Pleiedatter syg,1,Pleiebarn,Uten registrert yrke,regel,"fallback-regel, sjekket manuelt"
Pleiesøn,1,Pleiebarn,Uten registrert yrke,regel,"familiestilling, ikke yrke"
Plejebarn,1,Pleiebarn,Uten registrert yrke,regel,"fallback-regel, sjekket manuelt"
Plejesøn,1,Pleiebarn,Uten registrert yrke,regel,"fallback-regel, sjekket manuelt"
s,1,Barn,Uten registrert yrke,regel,enkeltbokstav = familiestilling fra telleren
stud. med.,1,Gymnasiast,Skoleelev,manuell,
Studiosus medicine,1,Gymnasiast,Skoleelev,manuell,
Svigermoder,1,Forsørges av familie/privat,Forsørget,regel,"fallback-regel, sjekket manuelt"
Svigermoder Ernæres af sønnen,1,Forsørges av familie/privat,Forsørget,regel,forsørget av familien
Svigermoder til Førstnævnte x),1,Forsørges av familie/privat,Forsørget,regel,"fallback-regel, sjekket manuelt"
Svigermoder. Forsørges af husfaderen,1,Forsørges av familie/privat,Forsørget,regel,enkeltbokstav = familiestilling fra telleren
Syg Lammet,1,Arbeidsudyktig,Uten registrert yrke,manuell,
sygelig,1,Arbeidsudyktig,Uten registrert yrke,manuell,
Søn - I pensionat,1,Barn,Uten registrert yrke,manuell,
Søn %Ingen%,1,Barn,Uten registrert yrke,regel,"fallback-regel, sjekket manuelt"
Søn %intet%,1,Barn,Uten registrert yrke,regel,"fallback-regel, sjekket manuelt"
Sønnesøn,1,Barn,Uten registrert yrke,regel,"familiestilling, ikke yrke"
ug,1,Uten yrke,Uten registrert yrke,regel,"fallback-regel, sjekket manuelt"
Ukjendt,1,Ujkent,Uten registrert yrke,regel,
Datter %Dagarbeider%,1,Dagarbeider,Dagarbeid,regel,
